,Comment text,Class
0,Hi,0
1,Hi,0
2,He is better then Apollo because Apollo he just sits there and dose nothing when there is a burglary at your house,0
3,Kong Looks Like...,0
4,A legend! Love Kong,0
5,Hi,0
6,I hope u get tortured :D,1
7,"u r bad at fortnite, 1v1 me",0
8,"My cat is bigger then Kong, haha",0
9,:D,0
10,dude the fake attack!!!,0
11,I really unexpected the haircut for Kong though,0
12,No kong omfg I‚Äôm crying üò≠,0
13,I miss maverick.,0
14,Add me on Snapchat @chaim_kp for awesome content,1
15,Rip kong s hair What the fuck what happened logan Rip cuteness,0
16,where is Maverick?,0
17,Nooo Kong,0
18,Love u Logan,0
19,those weren't kongs barks ...sorry,0
20,He went to twicth or twitch okay something like that. D= And I don't even like fortinite..,0
21,Put ittttt back!!!!!!!!,0
22,He‚Äôs half bald he‚Äôs he‚Äôs a ü¶Å cool,0
23,What did you do to Kong,0
24,Hey Logan I haven't checked your channel in a while so hiiiiii!!!!! üá∫üá∏üá∫üá∏üá∫üá∏üá∫üá∏üá∫üá∏üòé,0
25,üòÇüòÇüòÇ I missed George in the vlogs ‚ô•Ô∏è now you just need Juanpa back!,0
26,Kong looks like a lion,0
27,Fucking ayla cuut his fucking dicküçÜ fuck you ayla,1
28,I miss the old vlogs with Jorge and mark,0
29,I miss maverick,0
30,If you want a dog that can attack get a German shepard,0
31,KONG LOOKS LIKE A LION FOR REAL,0
32,Nooooooo his fur ;-;,0
33,Oh dear kong  is so cute üò≠‚ù§,0
34,That was a mistake..,0
35,Hello you can promote my channel,1
36,"Logan's OG friends: George, Johannes and Mark",0
37,Where is pancake?,0
38,KONG LOOKS LIKE A LION!!! ü¶Å,0
39,I hate u,1
40,In the thumbnail it looks like Dipper from gravity falls,0
41,Logan you fucked up. Oh hey George I missed ya!,0
42,why in the hell would you do that to that poor dog,0
43,I think it'll be better if George Mark and Johannes live with Logan and put maverick on the backyard,0
44,I bet if kong tries to bite someone they will just kick him like a soccer ball,0
45,I missed george,0
46,Wtf happen to him,0
47,Call jake to,0
48,Sub to my channel 10th sub gets iPhone X and shout out,1
49,Nvm lol it looks stupid funny but its cute,0
50,NO KONGS HAIR D;,0
51,I miss the 2016 Logan,0
52,What did I just saw,0
53,l no Logan songs help me help you,0
54,What?! The! FUCK?! Did you do to KONG!!!,0
55,Kong dose not sound like that,0
56,Can he plz stay I don't even remember him like honestly I don't at all,0
57,NOOOOOOOOOO! KONG!,0
58,And yay George!,0
59,NOO KONG üò≠,0
60,Kong looksüê£,0
61,Lmao,0
62,Maverick???,0
63,"What tha hell??? Is that's a rat lol 











KONG LOOKS JUST LIKE A FREAKING RAT",0
64,Kong looks like a lion,0
65,WE HATE U,1
66,George is hilarious,0
67,Kong looks so funny üòÇü§£,0
68,Those groomers were funny,0
69,"Yung Doggie

Kong Da Savage üê∂ ü¶Å",0
70,I have a mini Pomeranian named Macy,0
71,"why do people enjoy watching his videos? he fakes having a service dog. he is constantly putting animals  at risk and in danger. 

i don‚Äôt know why the new generation looks up to this douche.",1
72,I think you need to get a real attack dark and oh so I love your voice keep up the great work üß°üíõ,0
73,Piper Rockelle!!!!,0
74,I love how kong looked when Andy was carrying him,0
75,He‚Äôs out here with millions of subs and I can‚Äôt even get to 100üòï,0
76,"What happened to Logan,George,Mark ,Johannes",0
77,Kong looks cute with or without hiar,0
78,Logan you stoped posting,0
79,ANNNNDDDDYYYYY,0
80,I feel sorry for the groomer,0
81,So fake,0
82,"Logan is hot, freaking a work of art",0
83,Can u floss,0
84,Kong da savage of the. .. Savage,0
85,you are stupid,1
86,Jake Paul is better,0
87,Kong is so CUTE,0
88,it is so planned,0
89,Kong is now a lion ü¶Å doggy,0
90,I can't wait anymore,0
91,"what happen to the videos, it's been 10 days!!!",0
92,Good video,0
93,Debating if i should unsubscribe........ill wait another week.....i prefer his vlog than his twitch fortnite....,0
94,Kong actually looks like a lion when some of his hair is off,0
95,I miss you where are you,0
96,Logan wears the vlogs,0
97,"It's new attack dog

With food in a flower pot

4 million views in 1 week

has been before (no one cares)

but yea







i might actually start vlogging",0
98,What did they do to Kong,0
99,"did anyone notice that logan deleted the ""is chlogan real"" vlog??????????",0
100,why are you not posting vlogs,0
101,Logan is not posting because of the fight against KSI so good luck on the fight wish you luck and I love you your my favorite YouTuber ever and your the best. From- Andrea,0
102,Why won't you upload anymore Logan,0
103,At least jake vlog everyday for his fans üòèüòíüòè but you just left us like this..you make the logang down üòû,0
104,He probably is taking the time off so that Kong‚Äôs can grow his hair,0
105,Where are you Logan!?  Like if your worried and you want Logan back and he might look at this comment and start making videos again,0
106,üò≠üò≠üò≠üò≠ Logan Come Back!!! üò≠üò≠üò≠üò≠,0
107,He's coming back today,0
108,Why did u stop posting videos,0
109,He's busy training for the fight,0
110,Nice dog,0
111,"Guys stop asking him he is famous and famous doesn't answer youtube comments ,that is usless ,they don't answer youtube comment when they become so famous ,and they see normal people like us around like usless",0
112,"How to trick an idiot


Read more",0
113,why haven't you posted for a week,0
114,Why haven't u been posting?!?,0
115,He's busy training for the fight,0
116,"Well fuck twitch and fortnite thst shit ,there is 16 million people waiting for u ,stupid every minute of fortnite is stealing your life away",0
117,Logang For Life are u sure or it's twitch the cause,0
118,He needs to train for the fight,0
119,But training for ksi doesn't mean he stoped vloging,0
120,"He is a fake lover ,maybe he is training for ksi",0
121,Fortnite isn't more important than uss,0
122,Wtf logan wtf why you are not uploading,0
123,Cant wait til his youtube account goes down,0
124,Fortnite took over loganüò≠ this sucks!,0
125,He's busy training for the fight,0
126,"Yo Logan why you did this nothing is bigger than bringing smile on millions of people nor the fortnite game neither the money.
People ask you what you earn from YouTube you earn love bro from millions of people",0
127,1 week no video OMG logan twitch is more important than youtube,0
128,Logan where u at??? We think I care more about twitch and fortnite more than us.üò≠,0
129,My pe teacher we have a full day f-u-l-l day not a fool day f-o-o-l,0
130,Where is maverick,0
131,Im the real Logan stop watching this faker,0
132,Are u still training kong,0
133,I‚Äôm going back to xperttheif and jake,0
134,Come back and do a vlog,0
135,What happened to Logan,0
136,cmon... upload,0
137,logan where are you,0
138,LOGAN GET OFF OF FORTNITE ITS BEEN A WHOOOLLLEE WEEK!! WE MISS YOU ü§∑üèº‚Äç‚ôÄÔ∏èüò©üò©,0
139,Plz do more blogs for the Logang,0
140,I used to love Logan Paul but now l don‚Äôt cause he don‚Äôt post no more I unsubscribed,0
141,100k on twitch like better than 17+mils .Mmhh. So.... twitch pays better than utube,0
142,"I'll give it to you, you got my view. XD and an ad as well. I guess Youtube took you out of the time-out corner, eh?",0
143,why are u not posting anymore i miss uüò≠,0
144,"Suzette Sandoval, he died",0
145,I unsubscribed because he‚Äôs not entertaining anymore and he keeps missing the ‚Äúdaily upload‚Äù,0
146,i see,0
147,ÊÇ™È≠îËí∏Ê∞ó I subscribed in the first place because a year ago he was actually funny and he had ideas for videos but now he‚Äôs not that funny anymore and ran out of ideas,0
148,"Madelynn Dejesus, why did you subscribe in the first place",0
149,Logan poul logan poul logan poal logan poal logan poal logan poal logan poal logan poal logan poal logan poal logan poal logan poal logan poal logan poal logan poal logan poal logan poal logan poal logan poal logan poal logan poal logan poal logan poal logan poal logan poal logan poal logan poal logan poal logan poal logan poal logan poal logan poal logan poal logan poal logan poal logan poal logan poal logan poal logan poal logan poal logan poal logan poal logan poal logan poal logan poal logan poal logan poal logan poal logan poal logan poal logan poal logan poal logan poal logan poal logan poal logan poal logan poal logan poal logan poal logan poal logan poal logan poal logan poal logan poal logan poal logan poal logan poal logan poal logan poal logan poal logan poal logan poal logan poal logan poal logan poal logan poal logan poal logan poal logan poal logan poal logan poal logan poal logan poal logan poal logan poal logan poal logan poal logan poal logan poal logan poal logan poal logan poal logan poal logan poal logan poal logan poal logan poal logan poal logan poal logan poal logan poal logan poal logan poal logan poal logan poal logan poal logan poal logan poal logan poal logan poal logan poal logan poal logan poal logan poal logan poal logan poal logan poal logan poal logan poal logan poal logan poal logan poal logan poal logan poal logan poal logan poal logan poal logan poal logan poal logan poal logan poal logan poal logan poal logan poal logan poal logan poal logan poal logan poal logan poal logan poal logan poal logan poal logan poal logan poal logan poal logan poal logan poal logan poal logan poal logan poal logan poal logan poal logan poal logan poal logan poal logan poal logan poal logan poal logan poal logan poal logan poal logan poal logan poal logan poal logan poal logan poal logan poal logan poal logan poal logan poal logan poal logan poal logan poal logan poal logan poal logan poal logan poal logan poal logan poal logan poal logan poal logan poal logan poal logan poal logan poal logan poal logan poal logan poal logan poal logan poal logan poal logan poal logan poal logan poal logan poal logan poal logan poal logan poal logan poal logan poal logan poal logan poal logan poal logan poal logan poal logan poal logan poal logan poal logan poal logan poal logan poal logan poal logan poal logan poal logan poal logan poal logan poal logan poal logan poal logan poal logan poal logan poal logan poal logan poal logan poal logan poal logan poal logan poal logan poal logan poal logan poal logan poal logan poal logan poal logan poal logan poal logan poal logan poal logan poal logan poal logan poal logan poal logan poal logan poal logan poal logan poal logan poal logan poal logan poal logan poal logan poal logan poal logan poal logan poal logan poal logan poal logan poal logan poal logan poal logan poal logan poal logan poal logan poal logan poal logan poal logan poal logan poal logan poal logan poal logan poal logan poal logan poal logan poal logan poal logan poal logan poal logan poal logan poal logan poal logan poal logan poal logan poal logan poal logan poal logan poal logan poal logan poal logan poal logan poal logan poal logan poal logan poal logan poal logan poal logan poal logan poal logan poal logan poal logan poal logan poal logan poal logan poal logan poal logan poal logan poal logan poal logan poal logan poal logan poal logan poal logan poal logan poal logan poal logan poal logan poal logan poal logan poal logan poal logan poal logan poal logan poal logan poal logan poal logan poal logan poal logan poal logan poal logan poal logan poal logan poal logan poal logan poal logan poal logan poal logan poal logan poal logan poal logan poal logan poal logan poal logan poal logan poal logan poal logan poal logan poal logan poal logan poal logan poal logan poal logan poal logan poal logan poal logan poal logan poal logan poal logan poal logan poal logan poal logan poal logan poal logan poal logan poal logan poal logan poal logan poal logan poal logan poal logan poal logan poal logan poal logan poal logan poal logan poal logan poal logan poal logan poal logan poal logan poal logan poal logan poal logan poal logan poal logan poal logan poal logan poal logan poal logan poal logan poal logan poal logan poal logan poal logan poal logan poal logan poal logan poal logan poal logan poal logan poal logan poal logan poal logan poal logan poal logan poal logan poal logan poal logan poal logan poal logan poal logan poal logan poal logan poal logan poal logan poal logan poal logan poal logan poal logan poal logan poal logan poal logan poal logan poal logan poal logan poal logan poal logan poal logan poal logan poal logan poal logan poal logan poal logan poal logan poal logan poal logan poal logan poal logan poal logan poal logan poal logan poal logan poal logan poal logan poal logan poal logan poal logan poal logan poal logan poal logan poal logan poal logan poal logan poal logan poal logan poal logan poal logan poal logan poal logan poal logan poal logan poal logan poal logan poal logan poal logan poal logan poal logan poal logan poal logan poal logan poal logan poal logan poal logan poal logan poal logan poal logan poal logan poal logan poal logan poal logan poal logan poal logan poal logan poal logan poal logan poal logan poal logan poal logan poal logan poal logan poal logan poal logan poal logan poal logan poal logan poal logan poal logan poal logan poal logan poal logan poal logan poal logan poal logan poal logan poal logan poal logan poal logan poal logan poal logan poal logan poal logan poal logan poal logan poal logan poal logan poal logan poal logan poal logan poal logan poal logan poal logan poal logan poal logan poal logan poal logan poal logan poal logan poal logan poal logan poal logan poal logan poal logan poal logan poal logan poal logan poal logan poal logan poal logan poal logan poal logan poal logan poal logan poal logan poal logan poal logan poal logan poal logan poal logan poal logan poal logan poal logan poal logan poal logan poal logan poal logan poal logan poal logan poal logan poal logan poal logan poal logan poal logan poal logan poal logan poal logan poal logan poal logan poal logan poal logan poal logan poal logan poal logan poal logan poal logan poal logan poal logan poal logan poal logan poal logan poal logan poal logan poal logan poal logan poal logan poal logan poal logan poal logan poal logan poal logan poal logan poal logan poal logan poal logan poal logan poal logan poal logan poal logan poal logan poal logan poal logan poal logan poal logan poal logan poal logan poal logan poal logan poal logan poal logan poal logan poal logan poal logan poal logan poal logan poal logan poal logan poal logan poal logan poal logan poal logan poal logan poal logan poal logan poal logan poal logan poal logan poal logan poal logan poal logan poal logaLogan poul logan poul logan poal logan poal logan poal logan poal logan poal logan poal logan poal logan poal logan poal logan poal logan poal logan poal logan poal logan poal logan poal logan poal logan poal logan poal logan poal logan poal logan poal logan poal logan poal logan poal logan poal logan poal logan poal logan poal logan poal logan poal logan poal logan poal logan poal logan poal logan poal logan poal logan poal logan poal logan poal logan poal logan poal logan poal logan poal logan poal logan poal logan poal logan poal logan poal logan poal logan poal logan poal logan poal logan poal logan poal logan poal logan poal logan poal logan poal logan poal logan poal logan poal logan poal logan poal logan poal logan poal logan poal logan poal logan poal logan poal logan poal logan poal logan poal logan poal logan poal logan poal logan poal logan poal logan poal logan poal logan poal logan poal logan poal logan poal logan poal logan poal logan poal logan poal logan poal logan poal logan poal logan poal logan poal logan poal logan poal logan poal logan poal logan poal logan poal logan poal logan poal logan poal logan poal logan poal logan poal logan poal logan poal logan poal logan poal logan poal logan poal logan poal logan poal logan poal logan poal logan poal logan poal logan poal logan poal logan poal logan poal logan poal logan poal logan poal logan poal logan poal logan poal logan poal logan poal logan poal logan poal logan poal logan poal logan poal logan poal logan poal logan poal logan poal logan poal logan poal logan poal logan poal logan poal logan poal logan poal logan poal logan poal logan poal logan poal logan poal logan poal logan poal logan poal logan poal logan poal logan poal logan poal logan poal logan poal logan poal logan poal logan poal logan poal logan poal logan poal logan poal logan poal logan poal logan poal logan poal logan poal logan poal logan poal logan poal logan poal logan poal logan poal logan poal logan poal logan poal logan poal logan poal logan poal logan poal logan poal logan poal logan poal logan poal logan poal logan poal logan poal logan poal logan poal logan poal logan poal logan poal logan poal logan poal logan poal logan poal logan poal logan poal logan poal logan poal logan poal logan poal logan poal logan poal logan poal logan poal logan poal logan poal logan poal logan poal logan poal logan poal logan poal logan poal logan poal logan poal logan poal logan poal logan poal logan poal logan poal logan poal logan poal logan poal logan poal logan poal logan poal logan poal logan poal logan poal logan poal logan poal logan poal logan poal logan poal logan poal logan poal logan poal logan poal logan poal logan poal logan poal logan poal logan poal logan poal logan poal logan poal logan poal logan poal logan poal logan poal logan poal logan poal logan poal logan poal logan poal logan poal logan poal logan poal logan poal logan poal logan poal logan poal logan poal logan poal logan poal logan poal logan poal logan poal logan poal logan poal logan poal logan poal logan poal logan poal logan poal logan poal logan po,1
150,"Logan poul logan poul logan poal logan poal logan poal logan poal logan poal logan poal logan poal logan poal logan poal logan poal logan poal logan poal logan poal logan poal logan poal logan poal logan poal logan poal logan poal logan poal logan poal logan poal logan poal logan poal logan poal logan poal logan poal logan poal logan poal logan poal logan poal logan poal logan poal logan poal logan poal logan poal logan poal logan poal logan poal logan poal logan poal logan poal logan poal logan poal logan poal logan poal logan poal logan poal logan poal logan poal logan poal logan poal logan poal logan poal logan poal logan poal logan poal logan poal logan poal logan poal logan poal logan poal logan poal logan poal logan poal logan poal logan poal logan poal logan poal logan poal logan poal logan poal logan poal logan poal logan poal logan poal logan poal logan poal logan poal logan poal logan poal logan poal logan poal logan poal logan poal logan poal logan poal logan poal logan poal logan poal logan poal logan poal logan poal logan poal logan poal logan poal logan poal logan poal logan poal logan poal logan poal logan poal logan poal logan poal logan poal logan poal logan poal logan poal logan poal logan poal logan poal logan poal logan poal logan poal logan poal logan poal logan poal logan poal logan poal logan poal logan poal logan poal logan poal logan poal logan poal logan poal logan poal logan poal logan poal logan poal logan poal logan poal logan poal logan poal logan poal logan poal logan poal logan poal logan poal logan poal logan poal logan poal logan poal logan poal logan poal logan poal logan poal logan poal logan poal logan poal logan poal logan poal logan poal logan poal logan poal logan poal logan poal logan poal logan poal logan poal logan poal logan poal logan poal logan poal logan poal logan poal logan poal logan poal logan poal logan poal logan poal logan poal logan poal logan poal logan poal logan poal logan poal logan poal logan poal logan poal logan poal logan poal logan poal logan poal logan poal logan poal logan poal logan poal logan poal logan poal logan poal logan poal logan poal logan poal logan poal logan poal logan poal logan poal logan poal logan poal logan poal logan poal logan poal logan poal logan poal logan poal logan poal logan poal logan poal logan poal logan poal logan poal logan poal logan poal logan poal logan poal logan poal logan poal logan poal logan poal logan poal logan poal logan poal logan poal logan poal logan poal logan poal logan poal logan poal logan poal logan poal logan poal logan poal logan poal logan poal logan poal logan poal logan poal logan poal logan poal logan poal logan poal logan poal logan poal logan poal logan poal logan poal logan poal logan poal logan poal logan poal logan poal logan poal logan poal logan poal logan poal logan poal logan poal logan poal logan poal logan poal logan poal logan poal logan poal logan poal logan poal logan poal logan poal logan poal logan poal logan poal logan poal logan poal logan poal logan poal logan poal logan poal logan poal logan poal logan poal logan poal logan poal logan poal logan poal logan poal logan poal logan poal logan poal logan poal logan poal logan poal logan poal logan poal logan poal logan poal logan poal logan poal logan poal logan poal logan poal logan poal logan poal logan poal logan poal logan poal logan poal logan poal logan poal logan poal logan poal logan poal logan poal logan poal logan poal logan poal logan poal logan poal logan poal logan poal logan poal logan poal logan poal logan poal logan poal logan poal logan poal logan poal logan poal logan poal logan poal logan poal logan poal logan poal logan poal logan poal logan poal logan poal logan poal logan poal logan poal logan poal logan poal logan poal logan poal logan poal logan poal logan poal logan poal logan poal logan poal logan poal logan poal logan poal logan poal logan poal logan poal logan poal logan poal logan poal logan poal logan poal logan poal logan poal logan poal logan poal logan poal logan poal logan poal logan poal logan poal logan poal logan poal logan poal logan poal logan poal logan poal logan poal logan poal logan poal logan poal logan poal logan poal logan poal logan poal logan poal logan poal logan poal logan poal logan poal logan poal logan poal logan poal logan poal logan poal logan poal logan poal logan poal logan poal logan poal logan poal logan poal logan poal logan poal logan poal logan poal logan poal logan poal logan poal logan poal logan poal logan poal logan poal logan poal logan poal logan poal logan poal logan poal logan poal logan poal logan poal logan poal logan poal logan poal logan poal logan poal logan poal logan poal logan poal logan poal logan poal logan poal logan poal logan poal logan poal logan poal logan poal logan poal logan poal logan poal logan poal logan poal logan poal logan poal logan poal logan poal logan poal logan poal logan poal logan poal logan poal logan poal logan poal logan poal logan poal logan poal logan poal logan poal logan poal logan poal logan poal logan poal logan poal logan poal logan poal logan poal logan poal logan poal logan poal logan poal logan poal logan poal logan poal logan poal logan poal logan poal logan poal logan poal logan poal logan poal logan poal logan poal logan poal logan poal logan poal logan poal logan poal logan poal logan poal logan poal logan poal logan poal logan poal logan poal logan poal logan poal logan poal logan poal logan poal logan poal logan poal logan poal logan poal logan poal logan poal logan poal logan poal logan poal logan poal logan poal logan poal logan poal logan poal logan poal logan poal logan poal logan poal logan poal logan poal logan poal logan poal logan poal logan poal logan poal logan poal logan poal logan poal logan poal logan poal logan poal logan poal logan poal logan poal logan poal logan poal logan poal logan poal logan poal logan poal logan poal logan poal logan poal logan poal logan poal logan poal logan poal logan poal logan poal logan poal logan poal logan poal logan poal logan poal logan poal logan poal logan poal logan poal logan poal logan poal logan poal logan poal logan poal logan poal logan poal logan poal logan poal logan poal logan poal logan poal logan poal logan poal logan poal logan poal logan poal logan poal logan poal logan poal logan poal logan poal logan poal logan poal logan poal logan poal logan poal logan poal logan poal logan poal logan poal logan poal logan poal logan poal logan poal logan poal logan poal logan poal logan poal logan poal logan poal logan poal logan poal logan poal logan poal logan poal logan poal logan poal logan poal logan poal logan poal logan poal logan poal logan poal logan poal logan poal logan poal logan poal logan poal logan poal logan poal logan poal logan poal logan poal logan poal logan poal logan poal logan poal logan
 
Logan poul logan poul logan poal logan poal logan poal logan poal logan poal logan poal logan poal logan poal logan poal logan poal logan poal logan poal logan poal logan poal logan poal logan poal logan poal logan poal logan poal logan poal logan poal logan poal logan poal logan poal logan poal logan poal logan poal logan poal logan poal logan poal logan poal logan poal logan poal logan poal logan poal logan poal logan poal logan poal logan poal logan poal logan poal logan poal logan poal logan poal logan poal logan poal logan poal logan poal logan poal logan poal logan poal logan poal logan poal logan poal logan poal logan poal logan poal logan poal logan poal logan poal logan poal logan poal logan poal logan poal logan poal logan poal logan poal logan poal logan poal logan poal logan poal logan poal logan poal logan poal logan poal logan poal logan poal logan poal logan poal logan poal logan poal logan poal logan poal logan poal logan poal logan poal logan poal logan poal logan poal logan poal logan poal logan poal logan poal logan poal logan poal logan poal logan poal logan poal logan poal logan poal logan poal logan poal logan poal logan poal logan poal logan poal logan poal logan poal logan poal logan poal logan poal logan poal logan poal logan poal logan poal logan poal logan poal logan poal logan poal logan poal logan poal logan poal logan poal logan poal logan poal logan poal logan poal logan poal logan poal logan poal logan poal logan poal logan poal logan poal logan poal logan poal logan poal logan poal logan poal logan poal logan poal logan poal logan poal logan poal logan poal logan poal logan poal logan poal logan poal logan poal logan poal logan poal logan poal logan poal logan poal logan poal logan poal logan poal logan poal logan poal logan poal logan poal logan poal logan poal logan poal logan poal logan poal logan poal logan poal logan poal logan poal logan poal logan poal logan poal logan poal logan poal logan poal logan poal logan poal logan poal logan poal logan poal logan poal logan poal logan poal logan poal logan poal logan poal logan poal logan poal logan poal logan poal logan poal logan poal logan poal logan poal logan poal logan poal logan poal logan poal logan poal logan poal logan poal logan poal logan poal logan poal logan poal logan poal logan poal logan poal logan poal logan poal logan poal logan poal logan poal logan poal logan poal logan poal logan poal logan poal logan poal logan poal logan poal logan poal logan poal logan poal logan poal logan poal logan poal logan poal logan poal logan poal logan poal logan poal logan poal logan poal logan poal logan poal logan poal logan poal logan poal logan poal logan poal logan poal logan poal logan poal logan poal logan poal logan poal logan poal logan poal logan poal logan poal logan poal logan poal logan poal logan poal logan poal logan poal logan poal logan poal logan poal logan poal logan poal logan poal logan poal logan poal logan poal logan poal logan poal logan poal logan poal logan poal logan poal logan poal logan poal logan poal logan poal logan poal logan poal log",1
151,"Logan poul logan poul logan poal logan poal logan poal logan poal logan poal logan poal logan poal logan poal logan poal logan poal logan poal logan poal logan poal logan poal logan poal logan poal logan poal logan poal logan poal logan poal logan poal logan poal logan poal logan poal logan poal logan poal logan poal logan poal logan poal logan poal logan poal logan poal logan poal logan poal logan poal logan poal logan poal logan poal logan poal logan poal logan poal logan poal logan poal logan poal logan poal logan poal logan poal logan poal logan poal logan poal logan poal logan poal logan poal logan poal logan poal logan poal logan poal logan poal logan poal logan poal logan poal logan poal logan poal logan poal logan poal logan poal logan poal logan poal logan poal logan poal logan poal logan poal logan poal logan poal logan poal logan poal logan poal logan poal logan poal logan poal logan poal logan poal logan poal logan poal logan poal logan poal logan poal logan poal logan poal logan poal logan poal logan poal logan poal logan poal logan poal logan poal logan poal logan poal logan poal logan poal logan poal logan poal logan poal logan poal logan poal logan poal logan poal logan poal logan poal logan poal logan poal logan poal logan poal logan poal logan poal logan poal logan poal logan poal logan poal logan poal logan poal logan poal logan poal logan poal logan poal logan poal logan poal logan poal logan poal logan poal logan poal logan poal logan poal logan poal logan poal logan poal logan poal logan poal logan poal logan poal logan poal logan poal logan poal logan poal logan poal logan poal logan poal logan poal logan poal logan poal logan poal logan poal logan poal logan poal logan poal logan poal logan poal logan poal logan poal logan poal logan poal logan poal logan poal logan poal logan poal logan poal logan poal logan poal logan poal logan poal logan poal logan poal logan poal logan poal logan poal logan poal logan poal logan poal logan poal logan poal logan poal logan poal logan poal logan poal logan poal logan poal logan poal logan poal logan poal logan poal logan poal logan poal logan poal logan poal logan poal logan poal logan poal logan poal logan poal logan poal logan poal logan poal logan poal logan poal logan poal logan poal logan poal logan poal logan poal logan poal logan poal logan poal logan poal logan poal logan poal logan poal logan poal logan poal logan poal logan poal logan poal logan poal logan poal logan poal logan poal logan poal logan poal logan poal logan poal logan poal logan poal logan poal logan poal logan poal logan poal logan poal logan poal logan poal logan poal logan poal logan poal logan poal logan poal logan poal logan poal logan poal logan poal logan poal logan poal logan poal logan poal logan poal logan poal logan poal logan poal logan poal logan poal logan poal logan poal logan poal logan poal logan poal logan poal logan poal logan poal logan poal logan poal logan poal logan poal logan poal logan poal logan poal logan poal logan poal logan poal logan poal logan poal logan poal logan poal logan poal logan poal logan poal logan poal logan poal logan poal logan poal logan poal logan poal logan poal logan poal logan poal logan poal logan poal logan poal logan poal logan poal logan poal logan poal logan poal logan poal logan poal logan poal logan poal logan poal logan poal logan poal logan poal logan poal logan poal logan poal logan poal logan poal logan poal logan poal logan poal logan poal logan poal logan poal logan poal logan poal logan poal logan poal logan poal logan poal logan poal logan poal logan poal logan poal logan poal logan poal logan poal logan poal logan poal logan poal logan poal logan poal logan poal logan poal logan poal logan poal logan poal logan poal logan poal logan poal logan poal logan poal logan poal logan poal logan poal logan poal logan poal logan poal logan poal logan poal logan poal logan poal logan poal logan poal logan poal logan poal logan poal logan poal logan poal logan poal logan poal logan poal logan poal logan poal logan poal logan poal logan poal logan poal logan poal logan poal logan poal logan poal logan poal logan poal logan poal logan poal logan poal logan poal logan poal logan poal logan poal logan poal logan poal logan poal logan poal logan poal logan poal logan poal logan poal logan poal logan poal logan poal logan poal logan poal logan poal logan poal logan poal logan poal logan poal logan poal logan poal logan poal logan poal logan poal logan poal logan poal logan poal logan poal logan poal logan poal logan poal logan poal logan poal logan poal logan poal logan poal logan poal logan poal logan poal logan poal logan poal logan poal logan poal logan poal logan poal logan poal logan poal logan poal logan poal logan poal logan poal logan poal logan poal logan poal logan poal logan poal logan poal logan poal logan poal logan poal logan poal logan poal logan poal logan poal logan poal logan poal logan poal logan poal logan poal logan poal logan poal logan poal logan poal logan poal logan poal logan poal logan poal logan poal logan poal logan poal logan poal logan poal logan poal logan poal logan poal logan poal logan poal logan poal logan poal logan poal logan poal logan poal logan poal logan poal logan poal logan poal logan poal logan poal logan poal logan poal logan poal logan poal logan poal logan poal logan poal logan poal logan poal logan poal logan poal logan poal logan poal logan poal logan poal logan poal logan poal logan poal logan poal logan poal logan poal logan poal logan poal logan poal logan poal logan poal logan poal logan poal logan poal logan poal logan poal logan poal logan poal logan poal logan poal logan poal logan poal logan poal logan poal logan poal logan poal logan poal logan poal logan poal logan poal logan poal logan poal logan poal logan poal logan poal logan poal logan poal logan poal logan poal logan poal logan poal logan poal logan poal logan poal logan poal logan poal logan poal logan poal logan poal logan poal logan poal logan poal logan poal logan poal logan poal logan poal logan poal logan poal logan poal logan poal logan poal logan poal logan poal logan poal logan poal logan poal logan poal logan poal logan poal logan poal logan poal logan poal logan poal logan poal logan poal logan poal logan poal logan poal logan poal logan poal logan poal logan poal logan poal logan poal logan poal logan poal logan poal logan poal logan poal logan poal logan poal logan poal logan poal logan poal logan poal logan poal logan poal logan poal logan poal logan poal logan poal logan poal logan poal logan poal logan poal logan poal logan poal logan poal logan poal logan poal logan poal logan poal logan poal logan poal logan poal logan poal logan poal logan poal logan poal logan poal logan poal logan poal logan poal logan poal logan poal logan poal logan poal logan
 
Logan poul logan poul logan poal logan poal logan poal logan poal logan poal logan poal logan poal logan poal logan poal logan poal logan poal logan poal logan poal logan poal logan poal logan poal logan poal logan poal logan poal logan poal logan poal logan poal logan poal logan poal logan poal logan poal logan poal logan poal logan poal logan poal logan poal logan poal logan poal logan poal logan poal logan poal logan poal logan poal logan poal logan poal logan poal logan poal logan poal logan poal logan poal logan poal logan poal logan poal logan poal logan poal logan poal logan poal logan poal logan poal logan poal logan poal logan poal logan poal logan poal logan poal logan poal logan poal logan poal logan poal logan poal logan poal logan poal logan poal logan poal logan poal logan poal logan poal logan poal logan poal logan poal logan poal logan poal logan poal logan poal logan poal logan poal logan poal logan poal logan poal logan poal logan poal logan poal logan poal logan poal logan poal logan poal logan poal logan poal logan poal logan poal logan poal logan poal logan poal logan poal logan poal logan poal logan poal logan poal logan poal logan poal logan poal logan poal logan poal logan poal logan poal logan poal logan poal logan poal logan poal logan poal logan poal logan poal logan poal logan poal logan poal logan poal logan poal logan poal logan poal logan poal logan poal logan poal logan poal logan poal logan poal logan poal logan poal logan poal logan poal logan poal logan poal logan poal logan poal logan poal logan poal logan poal logan poal logan poal logan poal logan poal logan poal logan poal logan poal logan poal logan poal logan poal logan poal logan poal logan poal logan poal logan poal logan poal logan poal logan poal logan poal logan poal logan poal logan poal logan poal logan poal logan poal logan poal logan poal logan poal logan poal logan poal logan poal logan poal logan poal logan poal logan poal logan poal logan poal logan poal logan poal logan poal logan poal logan poal logan poal logan poal logan poal logan poal logan poal logan poal logan poal logan poal logan poal logan poal logan poal logan poal logan poal logan poal logan poal logan poal logan poal logan poal logan poal logan poal logan poal logan poal logan poal logan poal logan poal logan poal logan poal logan poal logan poal logan poal logan poal logan poal logan poal logan poal logan poal logan poal logan poal logan poal logan poal logan poal logan poal logan poal logan poal logan poal logan poal logan poal logan poal logan poal logan poal logan poal logan poal logan poal logan poal logan poal logan poal logan poal logan poal logan poal logan poal logan poal logan poal logan poal logan poal logan poal logan poal logan poal logan poal logan poal logan poal logan poal logan poal logan poal logan poal logan poal logan poal logan poal logan poal logan poal logan poal logan poal logan poal logan poal logan poal logan poal logan poal logan poal logan poal logan poal logan poal logan poal logan poal logan poal logan poal logan poal logan poal logan poal logan poal log",1
152,"Logan poul logan poul logan poal logan poal logan poal logan poal logan poal logan poal logan poal logan poal logan poal logan poal logan poal logan poal logan poal logan poal logan poal logan poal logan poal logan poal logan poal logan poal logan poal logan poal logan poal logan poal logan poal logan poal logan poal logan poal logan poal logan poal logan poal logan poal logan poal logan poal logan poal logan poal logan poal logan poal logan poal logan poal logan poal logan poal logan poal logan poal logan poal logan poal logan poal logan poal logan poal logan poal logan poal logan poal logan poal logan poal logan poal logan poal logan poal logan poal logan poal logan poal logan poal logan poal logan poal logan poal logan poal logan poal logan poal logan poal logan poal logan poal logan poal logan poal logan poal logan poal logan poal logan poal logan poal logan poal logan poal logan poal logan poal logan poal logan poal logan poal logan poal logan poal logan poal logan poal logan poal logan poal logan poal logan poal logan poal logan poal logan poal logan poal logan poal logan poal logan poal logan poal logan poal logan poal logan poal logan poal logan poal logan poal logan poal logan poal logan poal logan poal logan poal logan poal logan poal logan poal logan poal logan poal logan poal logan poal logan poal logan poal logan poal logan poal logan poal logan poal logan poal logan poal logan poal logan poal logan poal logan poal logan poal logan poal logan poal logan poal logan poal logan poal logan poal logan poal logan poal logan poal logan poal logan poal logan poal logan poal logan poal logan poal logan poal logan poal logan poal logan poal logan poal logan poal logan poal logan poal logan poal logan poal logan poal logan poal logan poal logan poal logan poal logan poal logan poal logan poal logan poal logan poal logan poal logan poal logan poal logan poal logan poal logan poal logan poal logan poal logan poal logan poal logan poal logan poal logan poal logan poal logan poal logan poal logan poal logan poal logan poal logan poal logan poal logan poal logan poal logan poal logan poal logan poal logan poal logan poal logan poal logan poal logan poal logan poal logan poal logan poal logan poal logan poal logan poal logan poal logan poal logan poal logan poal logan poal logan poal logan poal logan poal logan poal logan poal logan poal logan poal logan poal logan poal logan poal logan poal logan poal logan poal logan poal logan poal logan poal logan poal logan poal logan poal logan poal logan poal logan poal logan poal logan poal logan poal logan poal logan poal logan poal logan poal logan poal logan poal logan poal logan poal logan poal logan poal logan poal logan poal logan poal logan poal logan poal logan poal logan poal logan poal logan poal logan poal logan poal logan poal logan poal logan poal logan poal logan poal logan poal logan poal logan poal logan poal logan poal logan poal logan poal logan poal logan poal logan poal logan poal logan poal logan poal logan poal logan poal logan poal logan poal logan poal logan poal logan poal logan poal logan poal logan poal logan poal logan poal logan poal logan poal logan poal logan poal logan poal logan poal logan poal logan poal logan poal logan poal logan poal logan poal logan poal logan poal logan poal logan poal logan poal logan poal logan poal logan poal logan poal logan poal logan poal logan poal logan poal logan poal logan poal logan poal logan poal logan poal logan poal logan poal logan poal logan poal logan poal logan poal logan poal logan poal logan poal logan poal logan poal logan poal logan poal logan poal logan poal logan poal logan poal logan poal logan poal logan poal logan poal logan poal logan poal logan poal logan poal logan poal logan poal logan poal logan poal logan poal logan poal logan poal logan poal logan poal logan poal logan poal logan poal logan poal logan poal logan poal logan poal logan poal logan poal logan poal logan poal logan poal logan poal logan poal logan poal logan poal logan poal logan poal logan poal logan poal logan poal logan poal logan poal logan poal logan poal logan poal logan poal logan poal logan poal logan poal logan poal logan poal logan poal logan poal logan poal logan poal logan poal logan poal logan poal logan poal logan poal logan poal logan poal logan poal logan poal logan poal logan poal logan poal logan poal logan poal logan poal logan poal logan poal logan poal logan poal logan poal logan poal logan poal logan poal logan poal logan poal logan poal logan poal logan poal logan poal logan poal logan poal logan poal logan poal logan poal logan poal logan poal logan poal logan poal logan poal logan poal logan poal logan poal logan poal logan poal logan poal logan poal logan poal logan poal logan poal logan poal logan poal logan poal logan poal logan poal logan poal logan poal logan poal logan poal logan poal logan poal logan poal logan poal logan poal logan poal logan poal logan poal logan poal logan poal logan poal logan poal logan poal logan poal logan poal logan poal logan poal logan poal logan poal logan poal logan poal logan poal logan poal logan poal logan poal logan poal logan poal logan poal logan poal logan poal logan poal logan poal logan poal logan poal logan poal logan poal logan poal logan poal logan poal logan poal logan poal logan poal logan poal logan poal logan poal logan poal logan poal logan poal logan poal logan poal logan poal logan poal logan poal logan poal logan poal logan poal logan poal logan poal logan poal logan poal logan poal logan poal logan poal logan poal logan poal logan poal logan poal logan poal logan poal logan poal logan poal logan poal logan poal logan poal logan poal logan poal logan poal logan poal logan poal logan poal logan poal logan poal logan poal logan poal logan poal logan poal logan poal logan poal logan poal logan poal logan poal logan poal logan poal logan poal logan poal logan poal logan poal logan poal logan poal logan poal logan poal logan poal logan poal logan poal logan poal logan poal logan poal logan poal logan poal logan poal logan poal logan poal logan poal logan poal logan poal logan poal logan poal logan poal logan poal logan poal logan poal logan poal logan poal logan poal logan poal logan poal logan poal logan poal logan poal logan poal logan poal logan poal logan poal logan poal logan poal logan poal logan poal logan poal logan poal logan poal logan poal logan poal logan poal logan poal logan poal logan poal logan poal logan poal logan poal logan poal logan poal logan poal logan poal logan poal logan poal logan poal logan poal logan poal logan poal logan poal logan poal logan poal logan poal logan poal logan poal logan poal logan poal logan poal logan poal logan poal logan poal logan poal logan poal logan poal logan poal logan poal logan poal logan poal logan poal logan poal logan poal logan poal logan
Logan poul logan poul logan poal logan poal logan poal logan poal logan poal logan poal logan poal logan poal logan poal logan poal logan poal logan poal logan poal logan poal logan poal logan poal logan poal logan poal logan poal logan poal logan poal logan poal logan poal logan poal logan poal logan poal logan poal logan poal logan poal logan poal logan poal logan poal logan poal logan poal logan poal logan poal logan poal logan poal logan poal logan poal logan poal logan poal logan poal logan poal logan poal logan poal logan poal logan poal logan poal logan poal logan poal logan poal logan poal logan poal logan poal logan poal logan poal logan poal logan poal logan poal logan poal logan poal logan poal logan poal logan poal logan poal logan poal logan poal logan poal logan poal logan poal logan poal logan poal logan poal logan poal logan poal logan poal logan poal logan poal logan poal logan poal logan poal logan poal logan poal logan poal logan poal logan poal logan poal logan poal logan poal logan poal logan poal logan poal logan poal logan poal logan poal logan poal logan poal logan poal logan poal logan poal logan poal logan poal logan poal logan poal logan poal logan poal logan poal logan poal logan poal logan poal logan poal logan poal logan poal logan poal logan poal logan poal logan poal logan poal logan poal logan poal logan poal logan poal logan poal logan poal logan poal logan poal logan poal logan poal logan poal logan poal logan poal logan poal logan poal logan poal logan poal logan poal logan poal logan poal logan poal logan poal logan poal logan poal logan poal logan poal logan poal logan poal logan poal logan poal logan poal logan poal logan poal logan poal logan poal logan poal logan poal logan poal logan poal logan poal logan poal logan poal logan poal logan poal logan poal logan poal logan poal logan poal logan poal logan poal logan poal logan poal logan poal logan poal logan poal logan poal logan poal logan poal logan poal logan poal logan poal logan poal logan poal logan poal logan poal logan poal logan poal logan poal logan poal logan poal logan poal logan poal logan poal logan poal logan poal logan poal logan poal logan poal logan poal logan poal logan poal logan poal logan poal logan poal logan poal logan poal logan poal logan poal logan poal logan poal logan poal logan poal logan poal logan poal logan poal logan poal logan poal logan poal logan poal logan poal logan poal logan poal logan poal logan poal logan poal logan poal logan poal logan poal logan poal logan poal logan poal logan poal logan poal logan poal logan poal logan poal logan poal logan poal logan poal logan poal logan poal logan poal logan poal logan poal logan poal logan poal logan poal logan poal logan poal logan poal logan poal logan poal logan poal logan poal logan poal logan poal logan poal logan poal logan poal logan poal logan poal logan poal logan poal logan poal logan poal logan poal logan poal logan poal logan poal logan poal logan poal logan poal logan poal logan poal logan poal logan poal logan poal logan poal logan poal logan poal logan poal logan",1
153,Upload,0
154,Subscribe to my channel! And I will start vlogging!,1
155,"Mikaela Iarol Buenaventura, lies",0
156,Pleassee Uploaddd... THE LOGANNNG IS HUNGRY!!!!!!!!!!!!!!,0
157,Cringe,0
158,Rip konges cuteness and hair :(,0
159,Hi logan umm upload another vid,0
160,Ok i know that,0
161,Haley Castro that is what i know,0
162,ÊÇ™È≠îËí∏Ê∞ó  i want him too ok if you dont thats what you think,0
163,Or don't,0
164,"So when logan cusses, he gets a big ol AD in his video, but when someone like SuperMarioLogan cusses, he gets no ads on both his channels. Ok gotcha.",0
165,. . .,1
166,That is cruel to the poor dog,0
167,You fucking morons. Logan shaved his dog.,1
168,"The fall of jake paul says ""we 24/7 man you picked the wrong fight"" but where is he now?",0
169,Gabi Herera what I'm saying is he rarely post anymore,0
170,Shine _ yes  you this is true,0
171,Bro you are addicted to fortnite...just stop...and give attention to what brought you up.,0
172,Where‚Äôs the flipping vlogs,0
173,I‚Äôm going back to Jake,0
174,How bout someone else,0
175,Logan where are you It's been A WEEK come on man we miss you and need your vlogs,0
176,WHY NO MORE VLOGS,0
177,WHY NO MORE VLOGS,0
178,17 million good job but whwn are u uploading im waiting and the logang to,0
179,"Hey SHITDICK. I saw you in an Asian country. You saw dead people. Guess what? I see dead people all the time. I'm going to own your channel you cheap, pathetic, piece of cucking shit. I know what you do, but you can't even match my energy. Not even your army can. I have a bigger army, guess what it is? One of them is a rapper, coders, and other shit. Also, I know the president. So here's your ultimatum. Give up, or I will own your channel. Only to delete your videos, and mess with your viewers. 17 million? I can make that one million",1
180,TehPoptartKid and we're all past the dead body thing...,0
181,TehPoptartKid you're joking right lmao,0
182,HEY LOGAN WHY ARE YOU NOT UPLOADING ANY VIDEO,0
183,Are you not doing any more vlogs or vids get off the games and Vlog,0
184,Where are the daily vlogs bro ?!,0
185,Where r mark and johannes?,0
186,Come on and post I have nothing Else to watch it has been a week this is my 6 time watching this,0
187,"Ella Carney, no u",0
188,No u,0
189,ÊÇ™È≠îËí∏Ê∞ó you need help,0
190,You need help,0
191,Can somebody any body sub to me plzüòÇ,1
192,Careful with that language before your mama spanks you,0
193,ÊÇ™È≠îËí∏Ê∞ó f you,1
194,No,0
195,Your cool,0
196,This shit is so fucking gay,1
197,Agreed,0
198,Mr. Poopy Butthole I‚Äôm gay,1
199,When are you uploading a video?,0
200,Fuck dwarf mamba who introduce fortnite to logan ang the effect is no more vlogs :(,1
201,You are the worst  logan,0
202,I agree,0
203,where does Andy sleep ? and why isnt he with melissa?,0
204,Thats piper rockelle,0
205,Bro people hate on you cause ur so popular I do not no how u do it mebay personality lucky as fook dawg mebay it's the hair do but people like Ya wish I could be a big YOUTUBER like u some day..,0
206,Is he just done with YouTube?,0
207,I still have A hope Logan please come back,0
208,Logan you inspire me and now after not seeing your videos till 1 week it's like I'm going down please Logan make videos it's like nothing to do in life please Logan Make Video really miss you since you are not uploading videos I do not open YouTube and expecting to see your videos notification please Logan Come back,0
209,"Tech X-Squad, find another channel",0
210,Exchange of contributions,0
211,Omg i love your videos,0
212,more vids,0
213,Hey Logan where's that promise...u said u will upload a Vlog Saturday...yeah ok üñï,0
214,Why do you even watch his vids,0
215,And potentially strangers,0
216,For Halloween dress Evan up like chucky and have him scare your family and freinds,0
217,Where's the vlog logan,0
218,"LOGAN!!!!!!!!!!!!!!!!!!!!!!!! WHERE ARE U!!!!??????
I CANT LIVE WITHOUT SEEING UR DAILY VLOGS
LOGAN!!!!!!!!!!!!!!!!!!!
Come back
i am so bored without ur vlogs
i miss them",0
219,who is this dude,0
220,Where they he'll os ur vlogs!?!?!?,0
221,It's everyday bro with that vandalism flow have fun paying 2.4 MIL fag boy,0
222,Fuck you,1
223,But you said you'll see us tommorow,0
224,Logan come back,0
225,I'm tired of waiting,0
226,And did you forget o wait you did forget to vlog the next day,0
227,R U GOOD BRO come on post,0
228,U haven't posted In a week,0
229,Are you going to vlog,0
230,That is 100% not king barking u dummy,0
231,Can you teach a dog to not poop in the house üè†,0
232,Fuck logan paul,1
233,Logan Paul it been a week it's about to be 2 weeks what are you doing and where are you you are never making videos or what please make videos or your fans are waiting for you to make a video Logan Paul make a video please you're the best,0
234,"Logan get a bullmastiff or pit bull puppy to attack Jake! Hehehhehe hehehehe!
Also my dog Reggie has a mohawk
And Kong looks like a lion",0
235,Lost a sub not the same as the mark and george days,0
236,Your awful,1
237,Now I will go to jakes channel. Yay.,0
238,Are you ok üëå if you are make more videos and be a maverick and your streams are great,0
239,"When he tweets "" y'all ain't ready"" for the sketch this weekend. Dude. We all are very ready. Checking status everyday with disappointment everyday dude. Just waiting everyday so I can watch something entertaining.",0
240,I feel like once Logan gets his title and clickbait covered in the vlog he just ends the vlog no matter what time of day it is which shows that he only does the vlogs for fame and doesn‚Äôt really enjoy it any more like he used to...,0
241,"Yeah, It's true... D=",0
242,I WANT THE OLD LOGAN BACK,0
243,Lps Raindrop he never did,0
244,Please uploud fornite sucks,0
245,"Yea, subs haven't gone up in a while. And just unsubbed. Probably will sub again when he continues vlogging.",0
246,Why aren‚Äôt u posting,0
247,Logan come BACK TO YOUTUBE  PLEASE PLEASE,0
248,Any one else worried that logan paul has not posted in sooooo long where are you,0
249,Just upload,0
250,Logan where the heck are u boi,0
251,bro y u stopped vlogging,0
252,VLOGS WE NEED MORE VLOGS!!!!!!!!!!!!!!!!!!!!!:[],0
253,Why aren‚Äôt you uploading I want to unsubscribe,0
254,IceMan And Lucy. Please do it!!,0
255,marko vujovic.  Right lol,0
256,marko vujovic lol,0
257,IceMan And Lucy do it,0
258,Logan where are u? U good bro,0
259,Remember when he filmed a dead body,0
260,"Roses are red
Violets are blue
Logan Paul where are you
The Logang misses youüòî",0
261,Where's maverick,0
262,Fuck you,1
263,unsubscribed,0
264,"a couple of vlogs back, he talked about how someones dad died and logan inspired him to get out of bed in the morning, then logan just stops vloging, I dont know why, but that makes me mad. I still love you, you just need to come back!",0
265,Video please,0
266,Where are you Logan why are you not posting?  üò© miss you,0
267,w.e u do dont watch my videos,0
268,"Logan, I have a challenge for you, in 6 years, Spacex will be launching the BFR rocket carrying over 100 people to mars, if you started training now,(or after KSI fight, don't worry you'll dominate) there's a good chance that you could go. However, there are some obvious risks including never coming home, and never seeing the Logang again.
This will not be the only flight however, every 2 years after 2024, they will send cargo and passengers safely to mars.
This is your choice, but I think if you've come this far already, why not? Why not go to be among the stars, why not go to help expand the reaches of humanity, like you said, life isn't short, you just gotta do more.

-A Well Wisher.",0
269,logan im so mad your letting us logansters down plz upload,0
270,R.i.p Vern Troyer,0
271,Plz never upload again,0
272,You can‚Äôt have us waitinggggh,0
273,Hey what about the vlogsssss,0
274,Start Posting vlogs You jerk,0
275,Um Logan come back,0
276,he's prob been killed,0
277,Start vloging again,0
278,"Look Logan Paul if you don‚Äôt stop this bull crap and what I mean about bull crap is you taking off for a week or more or what you call a break I will unsubscribe and I will NEVER buy your merchandise ever again. So, can you please post more thank you and good bye ‚úåÔ∏è",0
279,Hey logan why you stop vloging,0
280,Can you start breaking plates again,0
281,Why did you stop vloging,0
282,We never did see him tomorrow,0
283,Lol,0
284,Omg,0
285,Where are you logan paul,0
286,Where is Logan paul at,0
287,you have an amazing dog Logan,0
288,Where u at logan,0
289,You're gonna get fucking DROPPED by KSI,1
290,I'm Logang and ur losing me‚òπÔ∏è,0
291,Good.,0
292,LOGAN WERE YOU?!?!?!?!?,0
293,get a real attack dog and have 2 dogs,0
294,"logan where are You?? üò•üò•we miss You, we need You, don't let the logang down üòñüíõüíõ",0
295,Vasiliki Vasiliki he's probably training for the KSI fight. Wich won't matter how much he trains he's gonna get fucking DROPPED MY KSI,0
296,"Dear Logan, I love watching your vlogs. That‚Äôs my favorite part of my day. And right now is a hard time for me. We just found out that my cousin in the army was almost killed. And on top of that my pet Rabbit is dying. So I really need you Logan. I can‚Äôt function without you. I love getting up every Saturday morning and going back to watch your really old vids. But I would like to end by saying thank you for what you do, and thank you for how you make me feel. I am so thankful.     ~Jake",0
297,Gungho987 after KSI ABSOLUTELY MURDERS HIM IN THE RING YOU WONT HAVE HIM AT ALL SO GET USE TO IT BOY,1
298,Y don‚Äôt u post anymore,0
299,When r u going to start vloging again,0
300,Upload please or u care about twitch more üò£,0
301,tomorow is alredy gone,0
302,logan post a vlog you have fans on here too,0
303,Why is he not uploading vidoes since so long,0
304,POST NOW!!!!!!!!!!!!!!!,0
305,"What have you done....




to *Young Doggy?*",0
306,Add_ Sugar dude you should have said he's not vlogging and you miss him,0
307,i am sorry Logan but this has happened many of times where you don't post for a week and hen you come back and say i was training and busy.I am going t to unsubscribe until you can actually vlog. 17m people are waiting for you to post. Is gaming more important than vloging?,0
308,2 weeks no upload???!!!! Im going back to Jake Paul',0
309,Looks like a lion,0
310,Where is Mark,0
311,WTF Logan I know it's rude but seriously you vlog not been 1 week .I do not understand what is happening to you okej you're sick but when you were Toucia you vlog and nou smallest cough stops vlog.I subscribe only because old vlog .When you were apartment was much intresting than nau In my short of 2017 !!!!!! It was a toff yer vlogs .And By the way toff recognizance vlog every day but nau 5.6 vlog and wec.And Why are you pley fort nite and not vloging .Endif Younes vloging bicas of suasaid forest bat it in the bin long long time ago that you already tiki over to me it seemed .BUT PLEASE PLEASE resumed VLOG. # LOUGANG4LAIF guess,0
312,I like to count,0
313,What kind of dog is Kong,0
314,Can I please ask someone to give me a gun so I can shoot myself after looking at this video,0
315,we miss you....,0
316,where are the vlogs?,0
317,*Am I the only one who thinks that thumbnail looks like Dipper Pines from Gravity Falls?*,0
318,Rip the gr8 vlogs these are not the same,0
319,Please Go Back VLOGGING!  üò≠üò≠üò≠üò≠üò≠üò≠üò≠üò≠üò≠üò≠üò≠üò≠,0
320,Logan its been a week so Since you posted I UNSUBEDüò≠üò≠ I'm not in the logang sorryüíîüíî,0
321,Kong da Lion,0
322,Logan where's the vlog?!!,0
323,Please,0
324,Say something I‚Äôm giving up on you I unsubscribed I just cant anymore...üò≠,0
325,Can u plz post on may 6 that's when mt big bro died when i was 5,0
326,It's been a week since he posted a vlog,0
327,"This might be long but I just wanted to say that Logan Paul is really good at singing. He has some talents in making songs. But I hate him because he is you know.too insensitive or cocky. Sometimes. (I know that lot of people will comment here about bla bla bla. Mind your own business) But if there are fans supporting logan. Then there is something good from him that makes people adore him that I cant see. Giving second chance is hard but i will risk it if only... if only. Logan Paul will change ( Not completely. He is funny and I like it but please. Erase those negative characteristics) Isubscribe to your channel btw.üòä
P.s i'm not fluent in english",0
328,Hmm.. lolüòÇI remembered that one. But still. I'll try. Who knows. God might change him,0
329,I mean there was dead man hanging from a tree and he made fun of him and you want to give him a second chance,0
330,@I am the boss what da ya mean?,0
331,Cough* he laughed at a dead man cough*,0
332,I low-key forgot you existed.,0
333,Pfft sammeee,0
334,"adinosir 7304 
Same",0
335,7304 nice üëç,0
336,I wish the rest of the world were like you. Bless you.,0
337,just remember that this is the same asshole that laughed about a man hanging dead on a tree,0
338,i think logan forgot us..,0
339,"I really miss 2016 - 2017 logan , logan don't you miss the logang ???",0
340,Logan what happened to Mark?,0
341,I killed Logan Paul,0
342,Logan vlogging,0
343,He looks like a baby lion,0
344,vlogs*,0
345,please post a video logan i miss your blogs,0
346,Logan are you coming back? Have the vlogs stopped¬ø üò≠,0
347,"Logan paul Logan paul 
Logan paul Logan paul Logan paul
Logan paul Logan paul Logan paul Logan paul Logan paul Logan paul Logan paul Logan paul Logan paul Logan paul Logan paul Logan paul
Logan paul Logan paul Logan paul Logan paul Logan paul Logan paul Logan paul Logan paul Logan paul Logan paul Logan paul Logan paul Logan paul Logan paul Logan paul Logan paul Logan paul Logan paul Logan paul Logan paul Logan paul Logan paul Logan paul Logan paul
Logan paul Logan paul Logan paul Logan paul Logan paul Logan paul Logan paul Logan paul Logan paul 
Logan paul Logan paul Logan paul
Logan paul Logan paul Logan paul Logan paul Logan paul Logan paul Logan paul Logan paul Logan paul Logan paul Logan paul Logan paul
Logan paul Logan paul Logan paul Logan paul Logan paul Logan paul Logan paul Logan paul Logan paul Logan paul Logan paul Logan paul Logan paul Logan paul Logan paul Logan paul Logan paul Logan paul Logan paul Logan paul Logan paul Logan paul Logan paul Logan paul
Logan paul Logan paul Logan paul Logan paul Logan paul Logan paul Logan paul Logan paul Logan paul 
Logan paul Logan paul Logan paul
Logan paul Logan paul Logan paul Logan paul Logan paul Logan paul Logan paul Logan paul Logan paul Logan paul Logan paul Logan paul
Logan paul Logan paul Logan paul Logan paul Logan paul Logan paul Logan paul Logan paul Logan paul Logan paul Logan paul Logan paul Logan paul Logan paul Logan paul Logan paul Logan paul Logan paul Logan paul Logan paul Logan paul Logan paul Logan paul Logan paul
Logan paul Logan paul Logan paul Logan paul Logan paul Logan paul Logan paul Logan paul Logan paul 
Logan paul Logan paul Logan paul
Logan paul Logan paul Logan paul Logan paul Logan paul Logan paul Logan paul Logan paul Logan paul Logan paul Logan paul Logan paul
Logan paul Logan paul Logan paul Logan paul Logan paul Logan paul Logan paul Logan paul Logan paul Logan paul Logan paul Logan paul Logan paul Logan paul Logan paul Logan paul Logan paul Logan paul Logan paul Logan paul Logan paul Logan paul Logan paul Logan paul
Logan paul Logan paul Logan paul Logan paul Logan paul Logan paul Logan paul Logan paul Logan paul 
Logan paul Logan paul Logan paul
Logan paul Logan paul Logan paul Logan paul Logan paul Logan paul Logan paul Logan paul Logan paul Logan paul Logan paul Logan paul
Logan paul Logan paul Logan paul Logan paul Logan paul Logan paul Logan paul Logan paul Logan paul Logan paul Logan paul Logan paul Logan paul Logan paul Logan paul Logan paul Logan paul Logan paul Logan paul Logan paul Logan paul Logan paul Logan paul Logan paul
Logan paul Logan paul Logan paul Logan paul Logan paul Logan paul Logan paul Logan paul Logan paul 
Logan paul Logan paul Logan paul
Logan paul Logan paul Logan paul Logan paul Logan paul Logan paul Logan paul Logan paul Logan paul Logan paul Logan paul Logan paul
Logan paul Logan paul Logan paul Logan paul Logan paul Logan paul Logan paul Logan paul Logan paul Logan paul Logan paul Logan paul Logan paul Logan paul Logan paul Logan paul Logan paul Logan paul Logan paul Logan paul Logan paul Logan paul Logan paul Logan paul
Logan paul Logan paul Logan paul Logan paul Logan paul Logan paul Logan paul Logan paul Logan paul 
Logan paul Logan paul Logan p
Logan paul Logan paul Logan paul Logan paul Logan paul   


I LOVE YOU",1
348,VLOGS WHERE ARE THEY!,0
349,I SUBSCRIBE and you,0
350,why dont you post anymore?,0
351,YOUR GAY,1
352,Im wearing the same hoody he isüòÇ,0
353,LOGANG,0
354,I cant wait for his next video,0
355,Yoooo where logan paul at with the vlogs?üòî,0
356,Omg piper,0
357,Do u think that he will reach 20mil in less than two years?,0
358,I hope he loses all his subs in 2 years,0
359,Hey logan fuck you man you left us for twitch,1
360,no new vlogs???,0
361,Pathetic you don't even upload I love you bro but you always say you're busy buy were the ones that got you famous g have a good weekend,0
362,Hey Logan! Y aren‚Äôt the vlogs going up? I hope u go back to vlogging soon!,0
363,Why are there no daily vlogs,0
364,Dork*,0
365,Nshdhdhhd Ydjsjsjz konk not donk,1
366,Snow_Streamer 4 he's training dork,0
367,Its been 10 days haiüòë,0
368,What's your Channel's name,0
369,They. FUCK up. Kongs hair,0
370,upload more,0
371,Logan bro come on we love you come back to us and give us more vlogs,0
372,Where the fuck are you?!,0
373,so fake kong do not even bite,0
374,"Hay do you want to watch a better youtuber try 
Internet Comment Etiquette with Erik ( ))========D-----------he fucks the dogs----------------------",1
375,"KOK
LOL",0
376,GOOOGD MODER FUCKINGSSOFA VIDEIOS FORITNITE FAGS,1
377,Can someone plz subscribe to my youtube channel and i will subscribe to yoursüòò,1
378,"He looks perfect why, because he doesn‚Äôt look üëÄ like an attack dog which is good so no one will know he can attack it will be a surprise attack",0
379,New vid pzs,0
380,Haha,0
381,Logan you said I will vlog every day.,0
382,Y‚Äôall ever wonder how awkward it is after the video and the outro they probably just be like ok so now what there just standing there hella awkward or sum lmao,0
383,Wow u haven't posted in a week I miss the vlogs,0
384,Lets go to jp his better and he vlogs everyday and has great content,0
385,Camera man is back with the zooms,0
386,Logan explain or youtube goes against you,0
387,Logan quit YouTube your not coming back after what u did,0
388,gm i know u can do it  for logang,0
389,the logang wants ur daily vlogs,0
390,Come backüò≠üò≠üò≠üò≠üòûüôÅ,0
391,Pls upload new vlogs for the LOGANG!!!!!!!!!!,0
