,Comment text
0,WHY HAVENT YOU POSTED IN THREE DAYS
1,Stop streaming and make more vlogs
2,I  just found out that one of my favorite dog is gone she was 23 years old and I really could use some motivation right now my grandma died like 4 years ago and she followed my grandma around everywhere she was the only thing I have left of my grandma.
3,You wouldn't know this vlog LifeðŸ˜žðŸ˜ž
4,Do U not post anymore
5,Hiiiii....plz don't watch my vidz or subscribe to me....TY
6,Logan u know verne Troyers dead
7,"Hey if anyone else is missing Logan, I seriously recommend going back and watching his old vlogs before the forest incident. He seems so happy:) ðŸ¤¨ðŸ˜Œ"
8,"Iâ€™m talking, like, baby Kong times"
9,"Why your not uploading???????????
Do likes for Logan to see"
10,Iâ€™m so glad Logan was forgiven because life is about 2nd chances and everything happens for a reason he learned from his mistake I know this is like really late but it still makes sense to post this x
11,Do even no this vlog life anymore no vlog for 3 days whyyyyy logan ðŸ˜­ðŸ˜­ðŸ’ªðŸ’ª
12,It's my birthday on the 28
13,Alright im back.
14,"Hey Logan Paul, i need to get my soda, ill be right back."
15,Whereâ€™s the vlog today?
16,TODAYS VLOG OR NAH ??
17,"I am probably start a fight but I am going to say one thing 

I hate Logan Paul (Because he has done some ridiculous things)
AND
I hate Logan Paulâ€™s Haters (SERIOUSLY, LEARN SOME MANNERS)

I mean, Watch SHIN TAE IL, that guy is an korean Logan Paul, but even worse..."
18,he said he would see us tomorrow but that video was posted 3 days ago and he hasn't posted since
19,I bet the next video of Logan Paul will be about him talking about Verne Troyer and him passed away
20,no vlog for 3 days wtf logen
21,RIP   TroyerðŸ˜¥ðŸ˜¥
22,hahahahahhahahahahhahahahahaahahhahahahhahahahhhahahahahahahahahahhahahahahahhahahahahhahahah kong lol
23,Bro what happened to your daily vlogs ? Why arent you vlogging ? Its been 3 days ? Well i love your vlogs. They are a big motivation for me every single one of em. So really waiting for them. Are you quitting ?
24,i now you are working but where are you
25,I miss the old Logan and the daily vlogs
26,Please help me I have a Sad Life
27,Wow now were back to no VLOG LOGAN
28,not the same 4 mil Logan anymore
29,fuck you
30,logan where u been at
31,Logen sorry about your lost
32,Your a bitch-ass dick Logan Paul
33,were is Cloe the Starbucks girl
34,Hahahahahhahahaha that dog tho
35,Vlogging is your identity. Please don't forget it! Waiting for your vlogs! Hope you'll be back soon! <3 : )
36,Hate you
37,Get another dog
38,"You arent uploading, i miss you"
39,GREAT JOB FOR making over 200million views on the song help me help you
40,"I donâ€™t troll people



Read more"
41,I miss Verne
42,Whereâ€™s the old Logan? Who is this?
43,Logan u good bro? Why dont you smash plates or talk to maverick on vlogs anymore :/
44,Subscribe me I will sub you back I promise seriously do it now
45,why is logan not posting I miss his blogs and all the happiness it brings
46,Kong is so funny
47,He said see you tomorrow but he hasnâ€™t posted yetðŸ˜•
48,I miss Maverick
49,Whereâ€™s maverick
50,He looks like something out of the Lion King haysi kabisa
51,"I really miss the old days.....
The time when Brendon was there.., maverick(bird) talks, the old apartment, daily uploads, â€œu gud bro?â€, â€œitâ€™s my big day!â€, hanging out with Mark(oh hi Mark!) George, ....,prank wars, funnier Logan....
All these things wanted me to watch his vlogs everyday no matter what happens. Itâ€™s changed now...."
52,Is it me? Or does his vlogs feel very different after everything that happened after youtube had punished him. This is straight up booty.. Missing the daily vlogs an the real content he used to give us. .. Common this is what made you logan. So take back a few steps see what you came from an apply it to your newst vlogs. Dont lose what began this journey for you! â¤
53,OMG HE IS SUCH A SAVAGE NOW!
54,I wish it'll attack you
55,I have a pom and staff so u could get a Staffordshire Bull     as your attack dog
56,omg loagan easy........
57,upload a new vlog
58,"You suck,your videos suck,everything that has your name or face sucks."
59,Heyy yo logan why arent there any videos lately? ?
60,NEVER FUCK WITH THE LOGANG BEATCH
61,"bruh, did you forget about the treehouse... i really want to see the treehouse on that tree..."
62,George
63,"I just got my new pants and blue tshirt, and socks! Thanks mate."
64,3 more million subscribes than Jake! Your on your way Logan.
65,What did they do to kong ðŸ˜­ðŸ˜­ðŸ˜­
66,Yup that was a mistake
67,That is cute
68,Pls post Logan u haven't posted for days pls go back to posting everyday
69,When's the ksi fight happening
70,Logan should do the who run it challenge
71,Pokimane is better than you at fortnite and league you are an epic failure sir good day
72,"You have to find everyday warm outfits for kong now he needs his own wardrobe for alittle otherwise he will get sick and not move much either if he has no clothes for awhile.
Like if you think people should send kong da savage younge doggy clothing"
73,"Hey, Iâ€™m graduating on May 30 and i was wondering if you guys can make cap and gowns that present maverick by Logan Paul, i would purchase it and wear it for my ceremony cause Iâ€™m a maverick but i was wondering if you guys would make some, maybe check in with Logan Paul PLEASEðŸ™ðŸ»ðŸ™ðŸ»"
74,Everyone wondering where the vlog is at. Heâ€™s probably still washing that dick sweat off his hands from the high five he got the other night. ðŸ˜‚ðŸ˜‚ðŸ˜‚ðŸ¤šðŸ¼
75,Why isnâ€™t Logan posting anymore
76,"Make Kong a merch





Like if u agree"
77,"01001100 01110000 01101001 01100100 01110011 00100000 01001001 00100000 01110111 01110000 01110111 01101111 01101000 00100000 01100100 01101111 00100000 01100001 01101101 01101110 00100000 01111001 01110000 01110111 01110110 00100000 01100100 01101010 01110100 01111000 01100011 00100000 01110111 01110000 01110100 01101110 after translated from binary, decode it with an isosceles  triangle like in moonlocket."
78,I unsubscribed to jake Paul because your the best I am getting your merchandise your my idol
79,"Have you ever been trolled before?



Read more"
80,I like the fact that your channel is dying
81,old logan is gooooone
82,Your a nigger
83,Hi
84,george and logan make such a funny duo
85,logan where is your vlog! some whan stop me from loving you guyesâ™¥â™¥â™¥â™¥â™¥<3<3
86,Show mavrick
87,I love your Videos Logan
88,Logan wtf are you doing come back
89,OMG GEORGEEEE BUT WHERES MARK): OH HI MARKKK
90,this was shit
91,"Kong, Leg day Please try it."
92,yo Logan I know you're a busy guy but could you give my friend a shout out? His name is Patrick and he sadly past away on Saturday.  It would really mean a lot if you could give him a shout out.
93,Dallin Porter dude he doesnâ€™t care who dies he films dead bodyâ€™s and fake cries when his friend dies
94,Uhhhh... new upload if dont mind??
95,HAlugistDAvidwenjAkpulhAstthelugagsAjAolztheessit
96,Hi Logan if you do see this than I am telling only one thing to do. And that is to watch this video. It made me cry please just watch it and if you do just contact me. Thx here is the video DEAR LOGAN PAUL.. HOW YOU SAVED MY LIFE (emotional)
97,Logan is sick too? When Muh boi lp is sick I am
98,Why aren't you posting!! Tho loveyouu stillðŸ’œðŸ’œ
99,ðŸ‘Ž
100,Are u gonna film ur dead friends body u white sket
101,I need new vlogs! I miss them :_(
0,"Rip Kong's hairðŸ˜¢

Eyo Logang btw, would be awesome if anyone could check my stuff!"
1,Damn Kong look like a  pokemon right now
2,Wtf is that Logan seriously did you tell them to do that to long he looks like a rat no offence
3,"After you started playing fortnite, you really have been so bad at vlogging and doing stuff in the vlogs that`s actually entertaining. Now because of that I dont subscribe to you anymore. It really sucks because I really used to absoulutely love the vlogs.."
4,Logan Paul can u give brief info of impaulse
5,"You could always get a labsky* if you really want an attack dog

*Labrador+Husky"
6,I m missing u cause you can't posting ur vlogs i m waiting pleaseee i am begging u
7,Kong is so ugly nowwwwwww
8,why are you not posting everyday anymore
9,"hey logan, verne troyer died, are you going to film his body as well?"
10,Where are you Logan X
11,Weâ€™re the vlog
12,WE WANT MAVERICK!!!!!!!!
13,Logan can you pls make maverick posters
14,I Hate You Logan U Fockin Cont
15,INH CHANNEL you shouldn't say that about the autistic boi he is at a disadvantage
16,Where is he
17,Logan pls vlog everyday I thought you were 24/7 man
18,Since the accident logans vlogs are short and Logan doesn't daily vlog anymore and Logan isn't as crazy any more (LiKe if YoU aGrEe)
19,Logan what happened to vlogging
20,Whhhhhy he looks ugly now ðŸ˜­
21,Puberty
22,WHERE'S NEW VLOG?????
23,Stupid bitch ass it's
24,Logan pls come back you are not the Logan i know and vlog bro
25,Cuteâ™¡â™¡â™¡
26,You are Rock man... !
27,It's sad that Logan is slowly turning his back against YouTube. I don't care about Twitch nor fortnite. I want to see his vids here on Youtube.
28,How
29,You should make a maverick sweatshirt 4 kong
30,You can actually make money with this?
31,He fucked up his youtube career by just 1 mistake ...... his vlogs will never be like what they used to be ðŸ˜”
32,Rip verne troyer logan i know you stop making videos because of this
33,We're is maverick
34,"Logan, you and Jake should switch houses for a day. Jake and Team 10 move in to the Maverick house for 24 hours, and you guys should move into the Team 10 house (for 24 hours)"
35,Kong looks like a chihuahua striked by famine.
36,You should make a Maverick emoji
37,hi logan
38,Were is vlog
39,Please watch the video of my channel if you like! It's Japanese food!
40,Where is pancake
41,The commenter before me replied to himself lol wtf
42,What's up with no vlog for the last 2 days??? Logan has officially unfortunately become addicted to Fortnite.
43,Why are you so fucking worthless?
44,Yo true man whata queer xD
45,Is maverick dead?????
46,WHY IS THERE ALWAYS SO MANY PEOPLE AT LOGAN PAUL'S HOUSE?????
47,And can I please have a shout out
48,Can I have a sleepover at your house Logan
49,its offical logan is not a daily vloger its been 4 days since logan uploaded a vlog
50,and i love u more then jake and i want to watch your vlogs more then jake's
51,"For everyone saying ""Fortnite is taking the vlogs away"" or ""Logan cares about fortnite more than us!"" That's 100% false. Logan has a life behind the screen. He's a very busy man. He has business meetings for the merch, he needs to train for the KSI fight, and he's working on music. He doesn't always have time to vlog. I get it, I miss the Daily vlogs too. Logan even said on his Livestream yesterday that he loves vlogging, he won't stop vlogging. It's just he can't handle the *daily* vlogs sometimes. He streams because of that. Sometimes he can't post so he streams instead. Trust me he loves us."
52,That's a shitey hair cut lol
53,Whereâ€™s maverick?
54,This Is a fuking shet
55,Kong is sooo cute ðŸ˜‚ðŸ˜
56,Whereâ€™s mark
57,i love kong he is so litte and sweet and subscribing to my youtbe kannal
58,Roses are red violets are blue George is strong and so are you
59,Where are you
60,God all of his videos are trash
61,logan where are you
62,Oh god... Why logan... Why did you do this to kong!!!..
63,When's the next video me and my sister wake up every day and want to watch
64,1 like = 1prayer for logan to get back to vlogðŸ˜­ðŸ˜­ðŸ˜­ðŸ˜­
65,Logan verne troyer has passed away ðŸ™ðŸ™ðŸ™ðŸ™ðŸ˜”ðŸ˜”ðŸ˜”
66,Bro im so sorry for verne
67,Quien es de MÃ©xico o latino?
68,despacito?
69,I hateeee Fortnite ðŸ˜¡ðŸ˜¡ðŸ˜­ðŸ˜­
70,shoot stop playing with kong
71,He shaved his dog for comedy ðŸ˜‚ðŸ˜‚ðŸ˜‚ðŸ˜‚ðŸ˜‚lmafo so fucking lit ðŸ”¥ðŸ”¥he is totally not a psycopath ðŸ˜‚ðŸ˜‚ðŸ”¥ðŸ”¥ðŸ‘ŒðŸ»ðŸ‘ŒðŸ»
72,Is ms Magee ur cousin and Jake's she's my teacher
73,Iâ€™m sorry to say but Verne Troyer last away
74,Logang Paul i want ÅŸoke merch
75,you fu is better than u cock sucker
76,LMAO MY CHIHUAHUA DOES THAT WHEN I PRETEND TO THROW HIS BALL OR IF I HAVE FOOD ðŸ˜‚
77,Vim pela Record ðŸ˜‚
78,Kong is now ugly
79,Mavrick Supreme jesus
80,Logan this is too much ðŸ˜­ Fortnite is taking your whole time ðŸ˜­ðŸ˜­ðŸ˜­ you forgot the vlogs you forgot the logangðŸ˜­ðŸ˜­ðŸ˜­â¤ï¸â¤ï¸â¤ï¸â¤ï¸
81,Allylolo Diy8799 ohhhhh ok srryðŸ˜Š
82,Itâ€™s not Jordan Logan is not playing fortnite in his meantime he is taking a break because his friend Verne Troyer passed away he is not playing fortnite he's just sad
83,Itâ€™s not Jordan no it's ok i just wanted to give my opinion ðŸ˜Š
84,"It's just Mirna 
... ok I didnâ€™t say anything about what you watch and I donâ€™t care, but ok?"
85,Itâ€™s not Jordan no i like him and i like watching him i even watch his old vids
86,Dons say that jesus thingy
87,Poor dog... :-(
88,Kong looks like a lion
89,how about mark
90,"Ø§Ù†Øª Ø¹Ø±Ø¨ÙŠØŸ
Ø§Ø°Ø§ Ø§Ù†Øª Ù…Ùˆ Ø¹Ø±Ø¨ÙŠ ÙƒÙŠÙ ÙƒØ§ØªØ¨ Ø§Ø³Ù… Ø§Ù„ÙÙŠØ¯ÙŠÙˆ Ø¨Ø§Ù„Ø¹Ø±Ø¨ÙŠØŸ"
91,If you guys are wondering where Logan is... He is spending time to think... Verne Troyer... Passed away. So just thought I would let you know..ðŸ˜­
92,You have a Cool bus and you can get a PS4 on it connected to the TV and you can play fortnite while you are on the road.
93,Bruh Logan It has been forever. Great to be back bruv
94,NiceðŸ‘ðŸ‘
95,we found Logan Paul getting eaten by his dog  XD
96,like this comment plz
97,ty brah
98,Savage u got it
99,Logan is just like what jake Paul said '' he's out of content (OOC)
100,The place in the team 10 house that said stay out it is now a studio
101,what  the fuck happen to kong aka wong
102,Ø§Ø¨ØºØ§ Ø§Ø³Ø§ÙØ±  Ø§Ù„ÙŠØ§Ø¨Ø§Ù†
103,kong needs help
104,Logan Paul I know this is a silly question but do you like Michael Jackson??ðŸ˜‚
105,stuff logan turn to the jake paulers and JUST GO TO THE JAKE PAULERS
106,every one wants regular vloging
107,Why you are not uploading video logan!
108,Train the dog to open his mouth wideer
109,when are you going to release a new videos . it has been 3 days
110,Logan i will cry if I see yoðŸ˜­ðŸ˜­ðŸ˜­â¤ï¸â¤ï¸â¤ï¸
111,You need to go the PENNSYLVANIA!!!!!!
112,Show the koi
0,where is knog's ball's and dick
1,So sad for you Iâ€™m so sorry that Verne Troyer died
2,He looks like a lion
3,"Nowone I am not a logang anymore ,sorryðŸ˜¢ðŸ˜¢"
4,To Logan. My biggest dream is to see you in real life. You are the best YouTuber. Sincerely your biggest fen Morgan â˜ºï¸ðŸ˜‰
5,love u
6,Why would you let them do the
7,"he attac


he protecc

but most importantly




he mavericc"
8,Sorry for your lost Logan (may you rest in paradise) Verne
9,i wants more vlogs
10,Heâ€™s probs just got pipers family to do it so everyone knows that theyâ€™re fine now but.      WHAT DID THEY DO TO KONG ?!!!1?!!!!!! Stupid piper
11,show mavrick in ur vlogs more
12,would you like to come to prom or you can give me a giftðŸ˜‡ðŸ˜‡ðŸ˜‡ðŸ˜‡ðŸ˜‡
13,LOGAN ITS BEEN 3 DAYS WHERES THE VLOG ðŸ˜¢ðŸ˜¢
14,His friend passed away Verne Troyer Logan's having a hard time right now so that's why he's not posting any new videos
15,Your videos are getting boring day by day.
16,"Baked Potato 
Thats even worse."
17,hazagun lmao you can keep assuming that. In fact I'm very much above the age of ten. Actually a lot of the Logang are above the age ten. I've seen many adults watch him.
18,"Allysse Hannaway You shut up. Thatâ€™s just his opinion. Unless you donâ€™t know what that is, because all of Loganâ€™s fans are under the age of 10."
19,jaivic kennya2017 HEY HES TRYING ! So SHUTUP
20,LOGAN UR FRIEND VEEN TROYDER what ever his name is I canâ€™t spell it right heâ€™s the one who played mini me he killed himself
21,and guys subscribe to logan pauls channel
22,guys i need your help plsss plsss subscribe to  my channel thank you
23,Logan Paul sucks no wonder children with extra chromosomes enough to build a nazi army only like him.
24,The strongest family in youtube use to be u before u filmed a dead body
25,The strongest family on YouTube use to be u now itâ€™s ninja
26,Fuck u logan upload a vlog bitcg
27,That should be the next vlog
28,Logan try to pull the cool bus or the yeti
29,Fortnite streams with Logan are lit
30,Kong the maverick attack dog
31,where yo vlogs you lacking on them
32,if your wearing everytime maverick merch wheres he
33,You really fâ€™d up kong
34,where is the next vlog
35,More George!
36,Hello LOGAN    CAN YOU MAKE   A FORTNITE  VIDEO WITH JAKE PLZ THANKS ðŸ˜€ðŸ˜€ðŸ˜€ðŸ˜€
37,hi logan im probobly the 2 biggest fan of u and i always have dreams that i meat u but they r just dreams of course but any way i told one of my freinds and she said that i would never meat u because i live in austrailia and i am only 9 so plz respond back because i am sick and tired of her and i want to prove her wrong... and i am poor as hell so my mumncan not aford a ticket to la as i said before plz respond back oh and i am a logang pauler. plz put maverik into one of ur next youtube videos i miss him best of luck and love ur 2 biggest fan Abbey
38,Dead vlogs
39,"Logan please just, i donâ€™t know anymore. I used to be entertained but... idk ðŸ˜ something has changed.  I donâ€™t want to be a hate comment. It was probably me that changed but.... I donâ€™t know if I should post this. Sleep well, tell your mum you love her and do something that might annoy you but will be a memorable moment in her life ðŸ¤·â€â™‚ï¸ good luck."
40,Why the fuck you're not posting? Are you good bro?? ðŸ˜·
41,Logan
42,"I saw a comment about Logan not being a good vlogger because he vlogs one day and not the other, but itâ€™s completely fine for other youtubers to vlog only once or twice a week?"
43,Good luck.
44,Fucking upload
45,"Logan, 
I sent you a private message by way of the messaging system."
46,How do kids watch this moron?
47,Hi like the hair  cut
48,"Are you mad bro, breaks and breaks everyone no blogs again"
49,dude were is mavrick the parrot and plzz make more vlogs u make me feel good plzzz
50,"Roses are Red
Violets are blue
if You are a  LOGANG
then Fuck you"
51,Vlogg again dammit ples i have nothing to watch. Entertaint me
52,logan why your brother jake is so mean i just wont an otograp amd he say no and he say get out of my property =( he so mean =(
53,"Logan where is your vlog lam really missing 




Hate you for not uploading vlog ðŸ˜¢ðŸ˜¢"
54,Logan paul fuck off from YouTube
55,AHHHHHH kong your hair plz groow it backðŸ˜¢ðŸ˜¢ðŸ˜¢.btw plz bring mavrik bacðŸ¦ðŸ¦ðŸ¦
56,put clothes on kong
57,why uncle Nathan there?
58,Your brother is making alot of clickbait
59,Where is maverick logan
60,Can I talk to u on Facebook pls logan
61,Go logan
62,you should make tree house in your backyard
63,"omg, jake paul, you make alot of shitty b.s. on this channel that it cant even all be stored on one app but it had to expand into twitter, instagram and facebook. but please, you mother fucker, stop exaggerating like ur dick is about to explode of fuckin cum, if you w]ant to make shitty content, go fuck your mum in the dustbin where all the b.s. you made can bloody celebretize you like a fuck ass white cloud that you are. dab on me all you want but just so you know, ur bloody girlfriend is a slut bag that every common men fuck everyday before work so you better check ur slutty girl friend's pregnant meter. before you have a nigga or ull be known as the motherfukinniggaassparentthatspraysshitalloverhisteachersfacelikeapussy."
64,Kurac
65,why arent u vloging
66,Why was nathen there Jake's camera man
67,MAVERICK HAS BEEN FORGOTTEN. LIKES FOR MAVERICK ðŸ¦ðŸ¦ðŸ¦ ðŸ˜¤ðŸ˜¤ðŸ˜¤
68,Noooooo KOOOONNNNGGGG!!!!
69,R.I.P Verne Troyer I know you already know Logan but sorry that you had to find out on your stream.
70,literally the whole vid was about Kong.Kong is the star here
71,you are the bestttt
72,"yo logan i gathered $100 buy mavrick merch but it dosent ships to nepal
please make it available on nepal too please logan i req you"
73,Holy shit that dog must be deaf. Poor soul
74,"Hey logan Thanks For Coming in My Video :)
video will be upload soon"
75,Plss vlog more logan i miss waking up in the morning to watch your vlogs
76,Kong*
77,"Hey Logan uload a new video 
Official Logan paul"
78,"Hater   Mythel is better BITCH 
```````````````````````!!!!!!!!!!!!!!!!!!!! I hate you logan D**K  PLOOOOOOOOOOOOOOOOOOOSOSOSODSnffieuhfuhreuasdsajdsaifdaijdisfaoijfsiffijasÃ¸ooifdsufhÃ¦oidsfdudshfÃ¦dsuhfiusdfidsÃ¦f"
79,LOL
80,"Logan 2016:
Subscribe and hit that smash button!*Swears*Logan Today:Making Fake VideosGo to Loganpaul.com_shopAlways dabbingPranks

Please like my comment before i comment i watch all his videos"
81,logan whatâ€™s up with your treehouse is it gonna be built soon?! bc my cousin and i are waiting for it lol
82,OMG PIPER MET LOGAN PAUL
83,Kong the ðŸ¦
84,"Logan , you don't need kong please buy a strong dog like pitbull to trained him and fight with jake and apollo"
85,Cutest thing in the Maverick house is kong!!
86,Hi
87,Please subscribe to my channel. Get me to ðŸ’¯ subscriber.
88,Bro when you upload  video??????
89,Why does anyone like this jerk
90,Boring
91,Again
92,Good to see George agaim
93,C R I S P  R A T
94,My first time watching logan paul
95,Now we need MarkðŸ˜­
96,You idiot post
97,Why arenâ€™t you posting
98,Do we hear a third verse?
99,Omg omg omg omg ITS FLIPPING PIPER ROCKELLE!!!!
100,Why doesnâ€™t maverick get any camera time anymore? ;{
101,"NEXT VLOG.

Im quitting youtube.
nuuu"
102,"Hi logan. Why did u shaved kongs hair?? I hope u will dress him to cover his body.

I luv ur vlogs. Luv 2 see how u put efforts to inspire, entertain us in spite of nt being well & that inspire us to work hard like u do. 

Missd u. Hope u get well soon & fill our day with lots of joy. See ya soon. Adeus."
103,No vlog for 3 days... Are u giving up on us Logan?
104,Jam HOHOHO he is not vloging becoz Verne toyre died
105,"I will miss you, fur... Goodbye dear friend."
106,Kong is so cuteðŸ˜ŠðŸ˜Š
0,"im so tired of being clickbaited , unsubscribed..."
1,mackenzie & Brianna he will get them back
2,Dick hand
3,in my opinion i think your channel has died ever since that video you done with the dead body
4,PICKLE RICK he is not vloging becoz Verne toyre died yesterday...
5,PICKLE RICK um.....no
6,Logan I'm watching this 1 day later than you and Verne the dwarf died ðŸ˜µðŸ˜­ðŸ˜­ðŸ˜­
7,Rip to verne troyer
8,My goal is to reach 100 subscribers this month I am at 76
9,"All you have to do is just pick kong up and drop kick him, unless... You get a spiked collarðŸ˜ˆðŸ˜ˆ"
10,if you send some logan I'll be really happy I live in Evanston
11,I really want logan paul merch
12,I really want logan paul merch
13,Omg Im laughing so hard poor kong he is half naked like logan when he jumped from the plane Respect Kong
14,We want vlogs not fortnite where is the vlog
15,Can you really be training enough to do this pretty much everyday
16,"Far cry 5s nuke ending is this (turns around) oh shit...
*footage of a man getting beaten up with a stick by three insanely ignorant men"
17,"Get a fararri,Lamborghini,or ford gt"
18,So fake that is not how Kong barks
19,logan is having a break because his friend died Possibly
20,I really hope Kong grows more hair!
21,"Logan, Iâ€™ve been watching u before ur vlog channel and when u started u were on The Grind! And inspired us to be a maverick now that I am I miss ur daily Vlogs"
22,Logan where are the vlogs??? Itâ€™s been 3 days ðŸ˜­
23,No Kong the Savage
24,Why say be a maverick when there is no Maverick
25,Why she do tht with kong he is now so bab looking logi wtf
26,Hey how u felling after VerneðŸ˜” hope u get better man
27,Why is Logan not posting rn?
28,"were the fuck are the vlogs are ive watched  you vlogs for ever
befor alya"
29,"LOGAN ALEXANDER PAUL, IT HAS BEEN THREE DAYS. GET OFF YOUR COMPUTER AND START VLOGGING!"
30,guys...i think Logan's done making vlogs..ðŸ’”
31,Your dog looks ugly now but he is still Kong But where is maverick
32,So the vlogs are over... Its been a trip ðŸ’”
33,I'm very sorry Logan but he died on the 21st I watch one of your videos with him playing one of the short songs it was very funny but sorry if you know about it just let me know
34,"Follow my Instagram for mediocre posts every other week hahaha jk but seriously @joe.austin30
Always plugged"
35,Bro all u do is pointless videos like câ€™mon dude a dog I know dogs are cool but seriously
36,Yo Logan your best friend who played in Austin power mini meat passed away of depression and alcohol poisoning so did Avicii
37,Bring Maverick Back!!!
38,Animal abuse in a nutshell
39,"I think kong has doggo AUTISM, and now looks awful"
40,You haven't vlogged in 3 daysðŸ˜¢ðŸ˜ŠðŸ™ƒðŸ˜”ðŸ˜–ðŸ˜£ðŸ˜«ðŸ˜©ðŸ˜­ðŸ˜­ðŸ˜­ðŸ˜­ðŸ˜­ðŸ˜­ðŸ˜­ðŸ˜­ CÍ™OÍ™MÍ™EÍ™ BÍ™AÍ™CÍ™KÍ™      lÍ™iÍ™kÍ™eÍ™ iÍ™fÍ™ yÍ™oÍ™uÍ™ aÍ™gÍ™rÍ™eÍ™eÍ™
41,"Logan u still suck..... 






And swallow...."
42,I just remembered you didn't show us your valentine's
43,Fk u logan
44,"Upload vid daily
We logang want it"
45,Sud for sud
46,Slowly becoming the new casey neistat!
47,I want Kongâ€™s fur back
48,"I MIISS THE OLD VLOGS W/ george, mark, why donâ€™t we and maverick"
49,I don't get notifications about logans vlogs anymore ðŸ˜•
50,i miss george and mark EVEN MAVERICK IN THE VLOGS
51,Yo logan check out what jakes doing to the martinez twins go check out x list
52,disgusting kids in this channel supporting the biggest scumbag and fuck face in the history of mankind
53,He's still here on Youtube?
54,This is how the end of the world is going to be cause of cancer paul why won't youtube end this fucker now insted of saving his bitch ass
55,Ugg donâ€™t make me watch jake
56,logan bro u cool n stuff...u was goin so good...now u cant keep up due to ur business n stuff i guess...as u say...i always vote for u an in the logan buh due to social-blade statistic jake will pass u...an i always vote for u infront ur bro b4 you had more subs than him...ur disappointing us on an not keeping a standard like u say u wudd...theres no logan4life when u does this....i do what i do daily well..also doin promises in keepin a standard that ppl rely on me...my food business that is...the day i closed is when customers lose hope...now on ur end...ur running out of excuse on on having daily vloging...i respect on the hype u were....i still make time to type this shit ppl thinking i complaining...jus nobody saying it...i like ur vlogs bro...
57,Logan I am sorry about verne troyer passed away
58,Where you at bro
59,Budalo muÄiÅ¡ psa.IdiotÄino glupava
60,Poor dog
61,Get a chow chow its a huge Pomeranian lol
62,Logan's next vid is gunna be film verne in his casket and ask him questions
63,I'm so happy your shit is demonetised.
64,Yeh me 9 yr old and luv logang paul and dab double dab* yah yeet!!
65,...
66,When there used to be daily vlogs
67,"PLEASE READ IMPORANT 
Hey Logan my name is caidyn every time I see your videos it makes me so happy I am bullied in a lot of the places I go a lot of the people i know push me around and try to get me to fight him I love your videos I got bullied to the point of self harm but I subscribed to you and now Iâ€™m happy your my everything"
68,Whereâ€™s Logan ðŸ˜žðŸ˜–if you see this Logan please answer I love you so much and I miss you I have been watching you for a long time I love you
69,"Miss the days, when you were roommates with Mark, and talked to Maverick every morning. WTF happened???"
70,"Logan plz donâ€™t quit yt and daily vloging ðŸ˜­ðŸ˜­ðŸ˜­ðŸ˜­ if you quit imma unsubscribe to you and subscribe to jake pissy Paul â˜¹ï¸

Like if you agree"
71,You know as well
72,Am I the only one still wondering if a hot dog is a sandwich?
73,R.I.P Verne Troyer
74,i miss the old kong
75,Hey  I do miss mavrick
76,"Why Piper Rockelle? I thought she â€œkilledâ€ you? 

Iâ€™m not against Logan lol I was just mentioning that ðŸ˜‚"
77,Yoooooo does anybody miss maverick i miss him so frickennnnn machhhhðŸ˜­ðŸ˜­ðŸ˜­ðŸ¦…
78,Can sombody comment on me this is not a joke he relly died
79,I miss you Logan ðŸ˜”ðŸ˜­ðŸ˜­ðŸ˜­ðŸ˜­ðŸ˜­
80,What about vern troyer logans freind he died today  he realy did go to inside edition vern troyer he is dead    this is not a prank
81,You got deleted right?
82,Logan your not  posting  every Day I miss u =(
83,Yo verne troyer died
84,Waaaaaaaa
85,"So, I am listening to garbage (KFC's, CSI's, Scooby doo's, KSI's whatever his name is's music) to see what it sounds like and he disses jake paul in his latest song uncontrollable."
86,Because you are a old man
87,I miss the old you ðŸ˜­ðŸ”«ðŸ’¦ðŸ’”ðŸ’«ðŸ˜–ã€°
88,logan ur channel is down
89,And Ayla???? Yo amaba a Ayla!!! ðŸ˜­ðŸ˜­ðŸ˜­ðŸ˜­ðŸ˜­ðŸ˜­ðŸ˜­ðŸ˜­ðŸ˜­ðŸ˜­ðŸ˜­ðŸ˜­
90,I now why you are not bloging anymore because Verne Troy passed away I am so Orr but love youbye
91,Where is the VLOGS please
92,Logan i am a logangster i have a plan for you you should try to kidnapp jakes dog using a very big net then put it a water hahaha
93,Yo where is maverick and Mark EVERYONE IS MISSING THEM come on like to it you agree
94,For avicii
95,Post another video
96,Logan Paul VERNE TROYER YOUR BEST BUDDY DIED HE REST IN PEACE AND LET THE WORLD KNOW WHO YOU ARE
97,Logan where is the buggati from Dubai
98,YOU FUCKING DICKðŸ–•ðŸ–•ðŸ–•ðŸ–•ðŸ–•ðŸ–•ðŸ–•ðŸ–•ðŸ–•ðŸ–•ðŸ–•
99,awwww kong is soooo cute!!!!
100,I FUCKING hate you Logan Paul you FUCKING DICK.hey Logan Paul Logan Paul says what
101,Que Honda el Titulo en EspaÃ±ol y todo el PUTO VIDEO EN INGLES
102,WHAT DID YOU DO TO KONG!!!!
103,"Was just me or was 
Nathan (jake videogropher) in the back near the end stood next to the door @loganpaul i love you Logan â¤â¤â¤"
0,Logan I'm very sorry about Verne it's hard when somone is goneðŸ™
1,Hey Logan my sisters friend stole your bird and sneak in your house and also your the best YouTube .
2,Sorry about Verne can you keep doing vlogs pls
3,Juliette Smyth that's kind of a selfish thing to ask after someone just died.
4,Hi mike buttski
5,You should do a Super sale so I can get your murch I don't care if I spelled that wrong
6,hi
7,Yay George!!!!ðŸ˜­ðŸ˜­ðŸ˜­ðŸ˜ðŸ˜ðŸ˜
8,after this vlog logan hasn't posted a single vlog till now its april 23  !!! plz post vlogs regularly logan i miss u
9,Omg I'm crying I miss him so much I miss the old logan
10,Audios bad
11,You act like 12 normaly but around a dog you act 8
12,Guys just stop being so damn rude to Logan he is only human after all
13,Fuck you
14,Where are the new vlogs?
15,ðŸ˜‚ðŸ˜‚ðŸ˜‚ðŸ˜‚ðŸ˜‚ðŸ˜‚ðŸ¤£ðŸ¤£ðŸ¤£ðŸ¤£ðŸ¤£ðŸ¤£ðŸ¤£ðŸ˜‚ðŸ¤£ðŸ¤£ðŸ˜‚ðŸ˜‚ðŸ¤£ðŸ¤£ðŸ˜‚ðŸ˜‚ðŸ˜‚ðŸ˜‚ðŸ˜‚ðŸ˜‚ðŸ¤£ðŸ¤£ðŸ˜‚ðŸ¤£ðŸ˜‚ðŸ˜‚ðŸ˜‚ðŸ˜‚ðŸ˜‚ðŸ˜‚ðŸ˜‚ðŸ˜‚ðŸ˜‚ that part was funny
16,Yo man where are you bro I'm going though a extremely rough time in life right now with a bad breakup and your videos help me escape reality please keep daily vloging
17,Nice shitty vlogs bro your lazy ass canâ€™t even post every day
18,Logan we miss u actually we miss the old u these days u donâ€™t care about maverick all u care about is kong King Kong 24/7 since the day u got kong u started to forget maverick and I really want u to go back I want u to hang out with ur old friends and why donâ€™t we boys and vlog everyday
19,i hate kongs furrr whyyyyyyyyyyyyyyy
20,Logan left vlogging pls vlog again
21,Why the vlogs arnt coming
22,Now that Verne troyers gone you gonna show his funeral
23,"Logan , your blogs keep me going"
24,Sorry about Vern troyer
25,Whereâ€™s the clog today
26,Boy you need a girlfriend
27,You reach 17million subcribers
28,kong looks cute with that hair cut
29,you hood biled a there house
30,Logan where is the vlogs??? Itâ€™s been 3 days I always look forward to watching your videos why arenâ€™t you posting donâ€™t end up like Vitaly he stoped uploading and his videos  died
31,Its cause his friend died
32,Sub me I'm gonna be bigger than Logan
33,Vitaly was Great but he is like quitting I feel like
34,Espanich
35,A guy named darkfader talkin trash dis him
36,Where is today and yesterdayâ€˜s vlog
37,Kongâ€™s so CUTEðŸ˜‚ðŸ˜
38,u should get a german shepard
39,He asked for a lion he got what he wished   for lesson learned   be car full what u wish for
40,"â€œWALKED IN THE WOODS FOUND A DEAD BODY FOUND A DEAD BODYâ€




Such Disrespect"
41,Hahahahaha dog
42,ksi is going to kick ur stinky ass
43,Fuck you Logan paul
44,2 days no vlog ðŸ˜‘
45,crazy jeyoon look at my channel
46,Do you just not vlog on weekends
47,Pussy
48,No vlog?
49,Wtf why would u do that
50,can you playing god of war
51,Do a compilation of you and Vern because he passed away. Best wishes to Vernâ€™s family
52,Logan save the hair for a prank to ayla
53,I Got You a kong ball logan
54,"3 days ago , no new vlog :("
55,The reason why Logan has not posted any videos the past 3 days is because his friend Verne Troyer passed away and Logan's having a rough and hard time that's why Logan is having no vlogs posted
56,Porter26 sub me I'll entertain you guys
57,Logan you've been getting so sick lately. I feel bad for you. Hope you get better though.
58,Logan y havenâ€™t u posted
59,did anyone see uncle nathan
60,"Logan you should come to Sydney, Australia. I really want to meet you <33"
61,Tell the story how you got maverick in cartoon form
62,GUYS if you look up 14 year old logan paul of google the first two pictures that shows up are JAKE im so dead
63,Waiting for the new vlog
64,Logan where did you go you haven't posted in a while when's the next vlog
65,how many people here thank logan is cute
66,no one itâ€™s think and no Iâ€™m 16 year old male I donâ€™t think heâ€™s cute that would be gay and if ur asking if I think heâ€™s a good looking dude ya but not cute Iâ€™m not gay
67,"Why did you fake Kong as a service dog? 



who else here has a REAL service dog besides me?"
68,Kong is so cute and funny ðŸ˜„
69,wheres the vlogs
70,"Bro u need to stop with these â€œvlog gapsâ€ Iâ€™m sorry to say this, but... ENOUGH FORTNITE!!"
71,Michael Williams yes I agree..  sub to my channel let me know what you guys think
72,Michael Williams ya I think fortnite has gotten in the way well streaming together has gotten in the way of a lot of you tubers including Roman Atwood damn I wish Roman would upload
73,Kong has a big heartâ£ï¸
74,Why  isn't he posting? Miss him!!!
75,People still watch this clown after what he did wtf
76,"DJ Drunner 
For his own cause"
77,"I forgive him,he did say sorry."
78,"Abram Anguaino 
The video isnt monetized idiot so he doesn't get a single penny of this.
He gets plenty of views from delusional kids like you anyway a few views from us ""heaturs"" won't affect his view count"
79,You can keep hating on him all you want he just be making more views the more you keep hitting on his videos I'm disliking him you're just still making him get views so it's a lose-lose situation for you
80,Where is mark...??
81,uummm longan are you ok you have not vlogd for three days
82,Wtf where the vlogs
83,React to the dude who grabbed his balls and gave u a high five
84,does anyone know who won the boxing match between Logan Paul and KSI
85,"no one 

Bruhh is u dumb"
86,Why the fuck isnâ€™t he posting any vlogs? Is he dead?
87,No vlog why??
88,Logan you gonna bring me a birthday gift on my birthday party for my birthday
89,im waching this at school
90,Turning into Roman Atwood
91,Do u watch jack Paul
92,Uhhhb where is the bird name maverick I haven't seen him :'(
93,"Whereâ€™s mark,why donâ€™t we and the new vlog"
94,Please run for president in 2020 you are my hero I luv your blogs and your inspiring so you can inspire people if you run for president
95,"miley finley he's not old enough to run for president, (thank God) he has to be 35 years old. And hopefully by the time he is 35, his career will have fizzled out.  Plus, he would be a terrible president."
96,When are you gonna make another video with my babies (why dont we)
97,I honestly liked him better when he was in his apartment smashing plates.Those vlogs were way betterðŸ˜­
98,Have you heard what happend Bignick does Ripâ¤ï¸
99,Starâ€™s Videos yes
100,*died
101,"Logan I love all of your vlogs your so lit, awesome, and flipin AMAZING and you make me smile every vlog  and youâ€™re my idol and I love the merch it is soo worth the money"
102,Logan you get whydontwe come over to your house
103,Hahaha hahahahahahahahahaha kong
104,I MISS THE OLD LOGAN.  IM DEF LOVING HIS BROTHER. IT'S EVERYDAY WITH JAKE. I MAY UNSUB IF HE DOESNT START CARING FOR HIS FANS ABIT MORE. WHERES YA VLOGS BRO
105,Verne Troyer the actor. The miget from Austin powers..
106,HIS friend died :(
107,Megan Sparnon try my channel
108,Verne troyer died Logan OMG Logan
109,You did not do a 4/20 vid :â€™(
110,You should get a German Shepherd Logan Paul its a good gard
111,mireya Ibarra Bella?
112,"It sucks that he doesn't take his vlogs seriously anymoreðŸ˜­
I miss his vogsâ¤"
113,siddarth s wth
114,I miss when u weren't born.
115,True
116,Anabell Rosa ya but atleast we have to respect the way he stopped  vloging
117,Anabell Rosa how come
118,Mavericks been left out I feel so bad
119,"Hey logan As much as I love fortnight and you streaming with it, fuck it. We need the vlogs more, itâ€™s more important"
120,Bro why is u not postin?
121,Why is Logan not uploading anymore
122,All I hear after coming home from 6 month camp is â€œloganpaul dead bodyâ€ wtf happened?
123,Logan is the worst youtuber ever
124,kong the dog lion
125,I miss the old Logan when there was maverick
126,Maverick clothing line for Kong plz! ðŸ˜ŽðŸ˜‚
