0,Another crying Markiplier video
1,Thank GOD he said he won't do this anymore! I was getting worried!
2,Alexa sucks.
3,You reek of failed comedy career.
4,Alexa volume 4 ğŸ¤£ğŸ¤£ğŸ¤£ğŸ¤£ğŸ¤£
5,Held it together beautifully! nicely excecuted sir! haha
6,"Ghost peppers two days in a row, you will be impervious to all things spicy. Next step is the Peruvian puff pepper."
7,Use a different torture method if you really want to do this
8,I ate one of those before. My arsehole was like Back To The Future
9,mark whyyy but your still awesome
10,"You should try to eat Cucumbers, trust me itâ€™s better than milk."
11,I like how the second he puts it in his mouth he starts praying ğŸ™ğŸ»
12,:D
13,...
14,Mark Jack just ate ghost pepper and do a thoung twister :^O
15,You are as brave as chica
16,Ya mom gayğŸ˜‚. But good luck mark
17,Do you like JAZZ?!
18,"The music though. Oh, the irony."
19,Yeeees lol ğŸ˜‚ The lining of your stomach ğŸ˜˜
20,Noooooo you do it again and i dont wanna see it again
21,He is so cringe now.
22,When this video is #17 on Trending XD
23,Did you poop lava?
24,"The ghost pepper going in your body is very painful, but when it exits your butt hole, that's another painful experience, it feels like 10,000 red fire ants nibbling at your anus! Believe me, MILK doesn't help at all. DRINK NINJA FRUIT and APPLE CIDER VINEGAR. TO EASY THE HOTNESS!"
25,Boop!
26,You know. You uploading these videos does kinda count as you uploading a video daily
27,Mother simulated please
28,He's training for the chunin exams.
29,STOOOOOOOOOOOOOOOOOOOOOOOOOOOOOOOOOOPPPPPP!!!!!!!!
30,*Alexa volume 4..... ALEXA volume 4......* ğŸ¤£ğŸ¤£ğŸ¤£ğŸ¤£
31,What go's in must come out... Umm So Hows your pooper doing?
32,"Mmm...I call bullshit. No sweating, and no tearing. EVERY other video that shows people eating these peppers have at least sweating and tearing. This guy acted like he couldnâ€™t talk and he drooled."
33,rip markaplyer!
34,stop stop stop
35,noooooooooo!
36,"Jazz is cool. 
ğŸ‘ğŸ‘ğŸ»ğŸ‘ğŸ¼ğŸ‘ğŸ½ğŸ‘ğŸ¾ğŸ‘ğŸ¿"
37,"Instead of eating ghost peppers u should try takis 
Just sayin lol"
38,Lock the milk.
39,I love jazz to mark experiencing extreme pain.
40,"If you keep eating it your body won't react to it as much as it does. Like Poulsen , if you give it to yourself in small amounts your body won't think that it's poisen"
41,the best content on earth
42,The music is too perfect .
43,you promised to finish samuel  manuel!!!!!!
44,I think heâ€™s dead ğŸ˜‚
45,a ghost pepper is actually not that bad. although if u try a carolina reaper then u will probably die
46,Awesome
47,THE BLUES MUSIC AND MARK TWICHING IS JUST  DELIFULL
48,ğŸ™ˆ
49,Fucking Alexa!
50,Coodooz... & get better.
51,Iâ€™m an introvert to! I need to go out more but I always end up sitting at home watching anime.
52,"I love youuu markkk no matter how little you upload, you will not loose this group of subscribers because you not only have 20M subs (so proud of you) you have 20M people who love you no matter what happens, pls dont torture yourself anymore. We are not going anywhere! So much love mark"
53,"The ghost pepper is weak, eat the Carolina reaper is the hottest pepper."
54,"Really bad acting, he didnâ€™t really eat a ghost pepper ğŸ™„ğŸ™„"
55,â€œALXXZA VOLIME 4! ALEXXZA VOLUME 5 FRICKâ€
56,"So people actaully say this will kill him? how dumb are some people? It is just hot as hell it will not kill him, in LARGE amounts of capsaicin it will kill you or harm you but in that tiny amount mark eating nothing will happen.
Can people go get some facts before even talk?"
57,lol as mark spoke to alexa he set mine of to the jazz station thanks mark lol
58,They should feed these to prisoners to rehabilitate them back into society
59,Idgaf about promises STOP
60,Please just stop doing this
61,The irony of his shirt is not lost on me! ğŸ¤£ğŸ¤£ğŸ¤£ğŸ¤£ğŸ¤£ Iâ€™m praying for his stomach and his booty! ğŸ˜³ğŸ˜³ğŸ˜³
62,"Damnit, Alexa"
63,"wtf did he eat !?!

EDIT: nvm i know he eated ... i did it when i was 10..."
64,"Perfect!! Smooth jazz while eating a ghost pepper.....oh, the irony! xD"
65,Go on hot ones already please
66,you did this again Please stop
67,Mark next time you want badass music have alexa play two steps from hell - protectors of earth
68,"Hey Mark, how's your b-hole feel today? Also I appreciate your dedication as well as everything you do, but I feel I speak for alot of your viewers when I say, this is totally unnecessary...you said yourself a large number of people asked you not to, I'm just a nobody that doesn't know anything, but you should listen to your fans maybe? Unless you enjoy the flaming sensation in which case that is none of my business ğŸ˜Š"
69,The music is actually really funny
70,Suffering to smooth jazz is a MOOOOOOD
71,"Mark: if I break my promise I'm going to do (*insert incredibly awful thing*)

Everyone: Mark, it's fine please don't.

Mark: okay kids here we go!!!!"
72,YES FUCKING YES !!.. PROMISES MEAN SOMETHING.. YOU ARE A MAN OF YOUR WORD.. YOU THE REAL MAN BRO !!.. KEEP THE FUCK UP !!
73,You could spit out the pepper after 5 seconds inside your mouth to get the burning punishment without hurting yourself.
74,Pore mark it look painful.but I like your watch
75,i guess when you have 20 million subscribers you don't have to care about good sound or editing anymore. must be nice ğŸ˜ƒ
76,"I heard eating bread helps more than milk, so you should have some bread AND milk with you while you eat the peppies"
77,What if we Just smash the dislike button.... Just to stop you from hurting yourself...ğŸ˜±ğŸ˜“
78,This shit's still trending holy shit
79,"Yo donâ€™t listen to the hate, home boy. One Indian woman hold the record rubbing dozens of those bastards into her eyes. Do that instead!"
80,STAHP
81,Wait its a translation
82,Delicious peppers. ğŸ˜ğŸ˜
83,I love the Mainah shirt. ;)
84,"Mark why not just film yourself as a sit down and chat as you're signing the damn calender's so you dont waste time with this stupid ghost pepper thing if you wanna do it on time, talk bout rando shit, ot hell even just sing bout how much you hate doing this to yourself but you do it for charity and the fans, because if you're crazy ass can do it so can you!!!!"
85,"His shirt says wicked smaht, but he eat ghost pepper. RIP"
86,"Mark, when you get back, please play forest again."
87,Be a good noodle. AND STOP
88,The muisc match this moment
89,"I like a man who keeps his promise just as much as the next woman, but, hurting yourself isn't worth it. I love you more than a promise, Mark."
90,God damnğŸ˜‚. Mad respect âœŠğŸ½.
91,Hi.
92,Mark eating to many of these kills people silly.
93,all i gotta say is.....DAYUM!
94,Oh
95,Why is this still on trending with only 700k views
96,he was acting so drunk XD
97,Just a pepper bruh
98,oMG
99,the jazz is nice as mark is suffering :)
100,I SEE THAT BOSTON SHIRT! DON'T YOU SMAHT ME!
101,"Seriously lol don't click on these videos if you don't like them. The people complaining in the live chat just make me laugh, they obviously wanted some of it if they clicked the stream."
102,E
103,When the jazz music played ğŸ˜‚ğŸ˜‚
104,u r lucky in america u guys have alexa
105,Eat a reaper you Nancy.
106,Great video hard to hear you.
107,Mark is an introvert I thought he was extrovert since he said that in a older video
108,Camera man have how to you spell â€œtaretsâ€ syndrome it might be subtle to most but to me itâ€™s the Blair witch
109,"Markimoo, imagine never being able to taste again! Your honor is safeguarded, yield before it is too late. Jeez lol."
110,Don't ever do that again Mark! We don't like seeing you like this
111,mark u is dum
112,Hey mark I have something serious to tell you.  I'm actually feel like commending suicide. People say that I'm just a ghost. And they also say to kill my self.  So I just want to say bye and keep your channel going and hope u have more subs. Bye
113,MARK PLEASE STOP TORTURING YOURSELF IF YOU WANT TO PUNISH YOURESELF JUST PLAY I AM BREAD AGAIN
114,"Oooooh, he need some milk!"
115,*YA LIKE JAZZ?*
116,Ghost pepper? Meh. Eat the Carolina Reaper...it'll put hair on your chest!
117,"Mark, please stop... this really isn't good for you...."
118,Mark was way calmer than i would be i would be jumping off walls mark just wow took it like a man
119,nooooooooooooo
120,ğŸ˜‚ğŸ˜‚ğŸ˜‚ this gives me so much joy ğŸ˜‚ğŸ˜‚ğŸ˜‚
121,If you're Mexican like me you love spicy ass food
122,Should have played Megalovania
123,"""Alexa, play some totally rad, badass music.""
*smooth jazz plays in background*"
124,Oh honey what is you doing
125,Maybe you're not so secretly a masochist ğŸ˜‚
126,this is so funny
127,He did better this time
128,Stop please.
129,That music tho
130,WHAT.....A......MAN
131,I canâ€™t even handle bell peppers so this looks so painful ğŸ˜–
132,M A R K N O
133,Why not just a video of signing tasteful n00dz?
134,Lmao! The Jazz music made this!
135,I support Markiplier doing this for at least 2 more days. I enjoy seeing Mark in pain.
136,STOP
137,"Mark, please stop this!! You are ruining your body by doing it. We don't care if you miss a few days! This ghost pepper promise could destroy your overall health... Not to mention the possiblity of death if you keep eating them so much. We would rather miss you few uploads than see you suffer! So please, Mark, don't make promises like that anymore. At least give a forfeit that can't seriously damage your body. Take as much time as you need to sign calenders!"
138,â€œYou like jazz?â€
139,Mark suffering with relaxing jazz in the background.
140,This is why I subscribed. Because he is awesome
141,I ate wasabi today! It was DISGUSTING!!!ğŸ¤®ğŸ¤®ğŸ¤® It isnâ€™t as bad as a ghost pepper though... RIP Markiplier
142,I had 3 alsures when I was a kid
143,What it feels like to chew 5 gum
144,Peppers eaten; Jazz music resumes...
145,again poor mark. :(
146,wow just wow
147,Alexa make mark stop
148,He need some milk
149,#17 on trending now lol
150,Honestly his interactions with Alexa is one of the best parts of this video
151,Laugh challenge videos!
152,Bathroom won't be his friend...
153,Please eat MORE OF THEM!!!!!!!
154,I love you Mark donâ€™t eat anymore ghost ğŸ‘» peppers ğŸŒ¶ please!!!!
155,the music really sets the mood lmao
156,Ghost pepper ainâ€™t shit. Try a Carolina Reaper.
157,I like that u keep ur promise but I hate seeing you suffer
158,Doesnâ€™t this video count as a video? And if it does... that means you no have to eat pepper.... but then that would mean the pepper video is a lie....
159,Mark i give u dramatic music danadanadanadanadanadand dam dum
160,Hi mark welcome to the club I drank some host pepper hot sauce and wheeew it was hot anyway um don't drink milk it makes it worse eat bread it sucks the juice out your mouth anyway ta ta
161,AWEXA VOYUME FI!!!!!!
162,Im very srry mark but atop DOING IT
163,Lmao sounds like the music to Getting Over It. Just need the narrator passive aggressively talking shit in the background now.
164,"THE POOR CARTON, WHY DRINK STRAIGHT FROM IT. AAHHHHHH MAKES ME SO UNCOMFORTABLE BUT I WILL STILL WAATTTCCCCHHH"
165,â€œDo itâ€ said the emperor.
166,This was a terrible promise to make.
167,mark why u do dis stop i love u
168,when Alexa played the complete opposite of what he asked for xD
169,Lmao...my with Alexa every day
170,The jazz reminds me of jack
171,Not satisfied until you eat a Carolina reaper...
172,The sad thing is that this is something I would do
173,"feel the jazz, man feel the jazz!"
174,"man, u r into spice challengeÂ all the way but still say be careful cuz having too much of good thing could burn the lining of your stomach . I also has some habenero sauce withÂ  my burrito today for dinner which was pretty awesome."
175,MARK WHEN YOU WERE TALING TO ALEXA MINE TURNED ON AND AWNSERED YOU
176,Oooofffffff to your tast buds and say goodbye cus your going to miss them
177,Please dont
178,Ya like Jazz?
179,"If your so great at keeping promises then where is that Corpse Party playthrough you promised us over 2 years ago? :P And I mean the good remake not the classic you already did, because you said you'd play the other one in big bold letters on the fist video. Please Mark? I miss horror RPG's..."
180,Music made it way betterğŸ˜‚
181,I could not even eat that chilly pepper
182,"To the idiots who say those peppers are really bad and could kill you, no. No, they really arent. Someone else said how theyre not bad, this is another reason. Many spicy foods are made of hot peppers (or any other spicy pepper). Spicy peppers contain a neurotoxin called Capsaicin which in large doses could cause Seizures, Heart Attacks, and yes, even Death. BUUUUUT... You'd have to eat about 3 pounds of the worlds hottest pepper (which doesnt sound like much, but it's actually over 100 or 200 peppers, cant remember) in one sitting for it to be fatal. So no, Mark will not die. Now please, shut the fuck up, go to school, and get some god damn knowledge."
183,E
184,The jazz helps XD
185,Fuckadodle fuck
186,Hella on shrooms watching this wtf lmao hella trippy
187,"FYI, the spiciness won't cause ulcers. It stimulates temperature receptors, so that feeling of death in your mouth is actually just the feeling of your mouth and stomach burning from the inside out (without actually physical burning)... =D"
188,You should stop. You're worrying me.
189,Rip markipliers throat stomach and Tung 2018-2018
190,Suffer for entertainment.
191,My Alexa went off when Mark said â€œAlexa...â€
192,The worst part is how long the aftertaste is and how spicy it is it's torture
193,But this is a paradox because heâ€™s making a video about his punishment for not making a video but by making this video heâ€™s made the punishment pointless because heâ€™s kept his promise
194,Mark you dont have to do this! Its not fun seeing you eating that!
195,are you ok?!? you look like your in a lot of pain... feel better
196,Do Carolina pepper now
197,stop!! your hurting yourself!!
198,"No epic songs XD OMG I say the perfect song just been right on que lmao, you're so cool of Man of your word Mark stay strong, spicy levels are temporary you can do it <3"
199,"*YES MARKIMOO, IT IS YOUR WORLD!* AND PROMISES DO MATTER, but it doesn't mean you have to keep this promise, hurting hurting yourself for OUR entertainment.. Yea its funny for the kicks of it, but we care about you too"
200,But why though
201,U always make great content mark I'm a big fan but it looks like u r torchering yourself
202,Hi Dr
203,I love Markiplier but I want him to do another game series soon ^_^
204,"Mark, to make the milk work better, you are just supposed swish the milk around in your mouth and then spit it out."
205,"""Wicked Smaht"" my foot."
206,"Letâ€™s play a game! Compliment the last person who replies to this comment.





:)"
207,Haley Anne hello
208,"Notice how he doesn't show it close to the camera, it looks like...a tomato.

Edit: Is it because he is normally honest?"
209,Dat Boston Shirt Doe!!!!
210,"Mark i said it before and ill say it again... i know you Care about us and keeping us happy but we care about you and we hate seeing you hurt yourself like this. Promise or not.
Promise us you wont hurt yourself to bad anymore. I hate seeing the pain on your face"
211,"It's not torture for you,it's us....(tearing in the corner of my room)ğŸ˜Ÿ"
212,Asian Ross. No.......
213,Hahaha ELEXA FAILED HIM!!! Oh mark no more pepper please.
214,Well then..
215,What a wuss
216,I'm a horrible person for laughing at this.....
217,Look like an Asian little dicky
218,I was sweating and my mouth was watering just _WATCHING_ this!!!
219,That Alexa fail tho
220,Iâ€™m not going to lie all of his Subs are like 1st grade that are the odd one out
221,"*He has died 4 our sins* 



Get it? It was #4 on trending? No? Ok (~â€¢â—‡Â°)~ P.S *YOU CAN DO IT  MARK*"
222,This video kept messing with my echo show
223,Mark.. my boy. You know damn well you didnâ€™t eat no ghost pepper here buddy! Youâ€™re acting is truly underrated and needs to gain some notice
224,I think he likes the pepper
225,Mark you don't have to do this you might get sick
226,Mark's shirt is so accurate
227,im crazy for mark
228,"Bruh, I have a hat that says, ""wicked smaht"" (jubilation dance)"
229,why do you remind me of deadpool mark
230,poor Markimoo.....
231,YAY YOUR NUMBER 16 on trending congrats
232,The jazz is good and my name is like jazz
233,You are DEAD day
234,Wait what day 2 ? Lol
235,STOP MARK
236,you masochist
237,imagine doing this and it wasnt recording
238,#16 on trending
239,"ya like jazz? 
not after this he doesnt haha"
240,Do another
241,Im sorry but habenaro sauce is worse i had habenaro sauce my friend swallowed some... And had lemonade with it... That did not end well... I did not swallow it but dang its the worse
242,WHY ARE YOU DOING THIS MARK??? NO ONE ASKED FOR THIS!!! You were a good noodle...The goodest of noodles...
243,Next step is for him to make it the ultra challenge and rub the pepper in his eye
244,oh
245,Elexa!!
246,ur a flip flop
247,Just eat the damn pepper. Half of this video is useless
248,"Mark, sToP"
249,OMG mark why. why do you do this to yourself?
250,OH HE NEEDS SOME MILK
251,"OK now look, I know he said he's doing this because he's a man of his word and all that, and I appreciate and respect that, but what I can't stand is that you're doing this to yourself. I've been watching you for a couple years now and don't get me wrong everything you do is funny, but when you get hurt or put yourself through these painful things on purpose I just can't stand it. Now I'm not telling you to stop because it's your choice not mine and your committed to it, but please promise me this, be careful, take it easy, you don't have to push yourself to do this for us.
I hope you understand what I'm saying and I just wanna let you know that I'll never stop watching you, you've brought me joy when I'm down, you make me cry when you cry, and I wanna thank you, so much, more than you could think.
-A caring fanâ˜ºï¸ğŸ˜Š
P.S- for anyone who sees this I just wanna put this out, my Instagram is @unicorn_buddie_10
P.S(again)- Thank you again Mark so much, if you were to ever stop YouTube I'd be with you, but until that could ever happen, I'll be with you on your side the whole wayğŸ˜ŠğŸ˜Š"
252,"Never liked markiplier very much, now I know why."
253,The faces he made were HILARIOUS!!!  ğŸ¤£ğŸ¤£
254,i had a fire in the hole (the hottest wing at a restraunt called winking lizard) and....IT WAS HOT AS CRAP IT BURNED MY MOUTH SOO BAD FOR LIKE A WEEK AND IT WAS BURING MY STOMACH!
255,"I'm pretty sure this is not what your doctors had in mind when they said your stomach can't handle alcohol. 

Here's a like you spicy man."
256,Copyright strike
257,666k views
258,I'm hungry :3
259,"Yeah, looked it up and you should not eat ghost peppers everydayâ˜ "
260,Hi
261,Right now views is 66six
262,Congratulations! 16 on trending!!! Well now it is....
263,Excuse me 666k ahhhh
264,666k views
265,"666 k views                           ^
ILLUMNATI CONFIRMED /ğŸ‘\"
266,I eat ghost pepper chips from Trader Joeâ€™s everyday....
267,"you should not do ghost pepper 






you should do Carolina reaper!!!"
268,"666k views

*ghost* peppers"
269,Hey mark we just are saying that bc we donâ€™t want u to get hurt and just believe that u wonâ€™t burn off ur taste buds like I did
270,"Mark: ""Alexa, play totaly rad, badass music.
Alexa: (Plays elevator music) 
Mark's Thoughts: HRFURFIHGMGJDXAHDHEFKFMFIJNG!!!!!!!"
271,666K views :0
272,666 omgğŸ¤¤
273,lol the song
274,"â€œSmooth Jazz will be deployed, in 3....2....one.â€"
275,What's up
276,Isn't your digestive tract already a mess?  lol
277,"he just had to do this video while wearing a ""totally smaht"" short"
278,Jesus! Donâ€™t kill yourself.
279,Would love to see a lets play series for The Forest
280,That tracklist is shittier than the audio
281,eat the ghost pepper while listening to Jazz that's really funny
282,Bless his sweet heartğŸ˜­
283,"there was literally a section on the news about some guy going to the hospital because he ate ghost peppers 

WHAT ARE YOU DOING MARK??"
284,sooooooooooooooooo does it hurt as badly going out as it did going in? im curious as to how awful that must be.. and imagining it to be way worse than going in... *imagines someone sitting on toilet with burning ring of fire playing while dying from pooping a ghost pepper* .. does no one else wonder about this? no? okay then.... >.>
285,It is funny that you say you wont make a video but you literally just made one doing this... so you have kinda ate ghost peppers for no reason...sorry to break it to you mark.
286,Alexa... About as useful as Siri.
287,Iâ€™m to liking you hurting yourself
288,Looked like he was gonna throw up any second
289,do not eat it
290,do scary videos more
291,Mark no more ghost pepper
292,well rest in peace mark
293,Just eat hot chips :'}
294,Milk won't work
295,"""play total rad bad asss music"" ""plays smoth jazz"""
296,HAHAHA!!!!!!!! I lost it watching him spasm with jazz in the back ground.
297,mor. PAIN!
298,subscribe for no reason
299,Only post chica videos
300,:P
301,You should eat bread after the pepper; it won't be as spicy
302,You could always just replace the pepper with something else...
303,mark please no more
304,Mark. Half of your funds are going to be spent on Milk.
305,I like ghost pepper I eat it everyday ğŸ˜€
306,"GROW OUT YOUR HAIR!! 
(well if ye want)"
307,omg
308,Reported for All possible reports except spam. ğŸ˜ğŸ˜ğŸ˜
309,Why man just why
310,Someone knows the name of that jazzy song? Xd
311,WHY MARK WHY?! WE ALREADY TOLD YOU NOT TO DO IT! IT HURTS US TO SEE YOU IN TOO MUCH PAIN!! STOP MARK!!
312,MARK JUST DO AS U DO! BLEH! BLEH! BLEH! BLEH! SHUT UP! DONT LAUGH! IT ACTUALLY HELPS!
313,Ya LiKe JazZÂ¿?
314,WHY ISNT ANYONE ASKING IF HES OK?!
315,I hate when markiplier gets dislikes on videos that he puts a lot of work into
316,If you need to you can eat wasabi
317,This is why I love Mark!
318,*Category: Gaming*
319,I know you want to prove a point but this is gone too far right now
320,At least your sinuses will be clear...^^;
321,Wow
322,Why do you keep doing this?? What the f**k??
323,Why
324,Wth mark
325,FINALLY!!! HE LISTENS ABOUT NOT EATING GHOST PEPPERS!!! XD
326,I don't like to see you hurting yourself but arguing with alexis was hilarious
327,Try some ghost pepper wings tho they make ur ears Burn
328,Ghost peppers dont make me act like that
329,great actor markimoo eating small bellpeppers :P
330,Category: *gaming*
331,Ya like jazz
332,and this was the day mark died
333,WHY DO YOU KEEP HURTING YOURSELF!?!?!?!?!
334,eat a chocolate bhutitia pepper pez
335,DRINK THE MILK IT IS LITERALLY RIGHT NEXT TO YOU
336,Pretty impressed with it. Lol. I have it atleast twice every month with dumplings. RIP my stomach lining. ğŸ˜‚
337,I will unsubscribe if you keep this up
338,ğŸ˜±Omg nooooo
339,Also at the endğŸ˜‚ğŸ˜‚
340,"Mark: Alexa play some totally rad super badass musicâ€
Alexa: plays jazz
In my head: â€œyou like jazzğŸ˜â€"
341,Donâ€™t do it again
342,Nooooooo!!!
343,You should do an Alexa fails compilation
344,"Mark! I don't know if you will see this, I am a small youtuber who has been a fan for years! Thanks for keeping me happy man!"
345,Just EAT it!!!!
346,"Alexa! Play awesome epic badass music!
Alexa: â€œHere is some jazz lol have funâ€"
347,k k
348,lamo
349,Pain
350,Why is he doing that to himself?
351,i only liked this video because mark needs a hug.... it's a hug not a like mark.
352,"ghost pepper is so last year bro, your reactions are same as those who ate it long time ago, not entertaining.. and youre eating just one... spice it up a little bit.. and try not to get an ulcer"
353,Jesus
354,Hi mark
355,oh dat looks good
356,I miss it
357,"""Alexa, play BTS""
Alexa: *Starts playing BTS*
Me: yea boi"
358,This is the 3rd one. Heâ€™s gotta be growing a tolerance by now! XD
359,Lol hope you make an update video while your on the toilet with your epic music in the background...i recommend a little Two Steps from Hell to set the mood .
360,the jazz makes it teen times better!
361,"Why must you torture yourself over vids try another punishment like jumping into a pool full of freezing cold ice 
Or doing a try not to laugh challenge 
I really like them"
362,did you see my comment on the edit thing and just avoid all of it so you put in jazz music
363,LOL
364,Stop please
365,Ps the ghost pepper is the hottest pepper on the planet besides if there is  such thing as a nuclear pepper then well thatâ€™s a story for another time
366,"Nice Jazz you got going on but



*Inhale*






WHY"
367,Plot twist : mark enjoys the pain
368,Neo!
369,"he should do pepper X, i have tried its fucking lava hot"
370,Wow thatâ€™s sums up how my Alexa acts when I wants something
371,Goats peppers ğŸ˜‚ try Carolina peppers
372,Reaper
373,NO NO NO THIS IS NOT RIGHT THE CALANDAR STUFF COUNTS AS WORK Plz stop torturing yourself. It's really not what we want.
374,damn
375,I love you Markimomoooo
376,"DO ANOTHER ""TRY NOT TO LAUGH"" ğŸ˜ğŸ˜ŠğŸ‘Œâ¤"
377,"The unanimous Declaration of the thirteen united States of America,Â When in the Course of human events, it becomes necessary for one people to dissolve the political bands which have connected them with another, and to assume among the powers of the earth, the separate and equal station to which the Laws of Nature and of Nature's God entitle them, a decent respect to the opinions of mankind requires that they should declare the causes which impel them to the separation.

We hold these truths to be self-evident, that all men are created equal, that they are endowed by their Creator with certain unalienable Rights, that among these are Life, Liberty and the pursuit of Happiness.--That to secure these rights, Governments are instituted among Men, deriving their just powers from the consent of the governed, --That whenever any Form of Government becomes destructive of these ends, it is the Right of the People to alter or to abolish it, and to institute new Government, laying its foundation on such principles and organizing its powers in such form, as to them shall seem most likely to effect their Safety and Happiness. Prudence, indeed, will dictate that Governments long established should not be changed for light and transient causes; and accordingly all experience hath shewn, that mankind are more disposed to suffer, while evils are sufferable, than to right themselves by abolishing the forms to which they are accustomed. But when a long train of abuses and usurpations, pursuing invariably the same Object evinces a design to reduce them under absolute Despotism, it is their right, it is their duty, to throw off such Government, and to provide new Guards for their future security.--Such has been the patient sufferance of these Colonies; and such is now the necessity which constrains them to alter their former Systems of Government. The history of the present King of Great Britain is a history of repeated injuries and usurpations, all having in direct object the establishment of an absolute Tyranny over these States. To prove this, let Facts be submitted to a candid world.

He has refused his Assent to Laws, the most wholesome and necessary for the public good.

He has forbidden his Governors to pass Laws of immediate and pressing importance, unless suspended in their operation till his Assent should be obtained; and when so suspended, he has utterly neglected to attend to them.

He has refused to pass other Laws for the accommodation of large districts of people, unless those people would relinquish the right of Representation in the Legislature, a right inestimable to them and formidable to tyrants only.

He has called together legislative bodies at places unusual, uncomfortable, and distant from the depository of their public Records, for the sole purpose of fatiguing them into compliance with his measures.

He has dissolved Representative Houses repeatedly, for opposing with manly firmness his invasions on the rights of the people.

He has refused for a long time, after such dissolutions, to cause others to be elected; whereby the Legislative powers, incapable of Annihilation, have returned to the People at large for their exercise; the State remaining in the mean time exposed to all the dangers of invasion from without, and convulsions within.

He has endeavoured to prevent the population of these States; for that purpose obstructing the Laws for Naturalization of Foreigners; refusing to pass others to encourage their migrations hither, and raising the conditions of new Appropriations of Lands.

He has obstructed the Administration of Justice, by refusing his Assent to Laws for establishing Judiciary powers.

He has made Judges dependent on his Will alone, for the tenure of their offices, and the amount and payment of their salaries.

He has erected a multitude of New Offices, and sent hither swarms of Officers to harrass our people, and eat out their substance.

He has kept among us, in times of peace, Standing Armies without the Consent of our legislatures.

He has affected to render the Military independent of and superior to the Civil power.

He has combined with others to subject us to a jurisdiction foreign to our constitution, and unacknowledged by our laws; giving his Assent to their Acts of pretended Legislation:

For Quartering large bodies of armed troops among us:

For protecting them, by a mock Trial, from punishment for any Murders which they should commit on the Inhabitants of these States:

For cutting off our Trade with all parts of the world:

For imposing Taxes on us without our Consent:

For depriving us in many cases, of the benefits of Trial by Jury:

For transporting us beyond Seas to be tried for pretended offences

For abolishing the free System of English Laws in a neighbouring Province, establishing therein an Arbitrary government, and enlarging its Boundaries so as to render it at once an example and fit instrument for introducing the same absolute rule into these Colonies:

For taking away our Charters, abolishing our most valuable Laws, and altering fundamentally the Forms of our Governments:

For suspending our own Legislatures, and declaring themselves invested with power to legislate for us in all cases whatsoever.

He has abdicated Government here, by declaring us out of his Protection and waging War against us.

He has plundered our seas, ravaged our Coasts, burnt our towns, and destroyed the lives of our people.

He is at this time transporting large Armies of foreign Mercenaries to compleat the works of death, desolation and tyranny, already begun with circumstances of Cruelty & perfidy scarcely paralleled in the most barbarous ages, and totally unworthy the Head of a civilized nation.

He has constrained our fellow Citizens taken Captive on the high Seas to bear Arms against their Country, to become the executioners of their friends and Brethren, or to fall themselves by their Hands.

He has excited domestic insurrections amongst us, and has endeavoured to bring on the inhabitants of our frontiers, the merciless Indian Savages, whose known rule of warfare, is an undistinguished destruction of all ages, sexes and conditions.

In every stage of these Oppressions We have Petitioned for Redress in the most humble terms: Our repeated Petitions have been answered only by repeated injury. A Prince whose character is thus marked by every act which may define a Tyrant, is unfit to be the ruler of a free people.

Nor have We been wanting in attentions to our Brittish brethren. We have warned them from time to time of attempts by their legislature to extend an unwarrantable jurisdiction over us. We have reminded them of the circumstances of our emigration and settlement here. We have appealed to their native justice and magnanimity, and we have conjured them by the ties of our common kindred to disavow these usurpations, which, would inevitably interrupt our connections and correspondence. They too have been deaf to the voice of justice and of consanguinity. We must, therefore, acquiesce in the necessity, which denounces our Separation, and hold them, as we hold the rest of mankind, Enemies in War, in Peace Friends.

We, therefore, the Representatives of the united States of America, in General Congress, Assembled, appealing to the Supreme Judge of the world for the rectitude of our intentions, do, in the Name, and by Authority of the good People of these Colonies, solemnly publish and declare, That these United Colonies are, and of Right ought to be Free and Independent States; that they are Absolved from all Allegiance to the British Crown, and that all political connection between them and the State of Great Britain, is and ought to be totally dissolved; and that as Free and Independent States, they have full Power to levy War, conclude Peace, contract Alliances, establish Commerce, and to do all other Acts and Things which Independent States may of right do. And for the support of this Declaration, with a firm reliance on the protection of divine Providence, we mutually pledge to each other our Lives, our Fortunes and our sacred Honor."
378,I like this
379,I like this
380,I like this
381,I like this
382,That's not a dare man. That's just stupid...
383,that was some epic music. Wow thanks Alexa
384,#9 on trending whoooooğŸ˜
385,#9 went down a little bit
386,Mark you can take a break! We understand (like if u agree)! We get that ur really busy this week and u donâ€™t have to do any more ghost pepper punishment! We love you Mark! Thanks for making everyone smile
387,Or all his subscribers are below 3 years old.
388,"I know when someone is lying! And he is definitely lying! What is strange is yâ€™ll believing him , too many stupids these days."
389,Stop eating ghost peppers and just eat something nasty instead.
390,bye
391,.
392,â€œAlexa play some totally rad super badass musicâ€ *plays jazz* ğŸ˜‚ğŸ˜‚ğŸ˜‚ğŸ‘ğŸ¼
393,Why do you do this mark
394,YOU SAID YOU WOULD BE A GOOD BOY MARK!! YOU SAID IT!! YOU EVEN SAID YOU WHERE A GOOD NOODLE!!!!!
395,Aww mark no why are you doing this to yourself
396,Markipepper
397,You're honestly such a spud markğŸ˜‚â¤ï¸
398,Oh poor baby :'( my heart hurts from watching. Buuuut at least it's not a Carolina Reaper
399,Mark whyğŸ˜‚
400,Why is this even on trending?
401,Still trending XD
402,"This is just sad to watch. If he needs to take a break for something important, it's not breaking a promise. Just take it easy okay mark?"
403,POOR NOODLEâ¤
404,Mark I know you are a man of your word but seriously u should not do this to yourself
405,Ur reaction to hotness of the pepper was priceless lol
406,wow just wow :0
407,Mark you dont have to do this every day
408,"Technically, this is a video ;) :P Alexa chose a decent song to play :P kinda rolls with the humour. If you make a recipe for a salad with ghost peppers in it, I'll eat it for my channel for you Mark XP"
409,just make short videos when signing :P
410,This shouldn't be on trending
411,"Not saying it because it's torture, but because this is more of a ""Markiplier and subs"" thing, not a youtube or generally entertaining thing

It's more personal, it's about his channel, doesn't make sense to have him on trending for this video"
412,Here's an idea! Post a video of yourself signing calendars!
413,MARRKKK STOP TORTURING YOURSELF WITH THE GHOST PEPPER D:
414,Isn't the whole ghost pepper challenge like so 8 years ago?
415,"For decades, doctors thought eating a lot of spicy food caused stomach ulcers, or painful sores on the lining of the esophagus, stomach or upper area of the small intestine. ... Studies showed that spicy food doesn't cause ulcers, though it can irritate existing ulcers, which explains the misunderstanding."
416,you gotta respect this man
417,"As much as I hate seeing him torture himself like this, I couldnâ€™t help but bust out laughing when Alexa played the jazz."
418,It is ur world
419,You should put some opera while your tongue is on fire
420,"It never ceases to amaze me what stupid idiotic things people will do for views. 
  Their selfish egotistical need to feed their vanity is psychotic at times."
421,"He's gonna have the dumps
JESUS!"
422,Dam
423,Congrats on trending ğŸ’šğŸ’œâ¤ï¸
424,let it go
425,mark no stop donâ€™t eat the hot peppers :C
426,the jazz music is really fitting lmao
427,I support Mark for trying to better himself but I agree there needs to be a better way
428,what a guy
429,wow lol
430,Hey mark just wanted to say do maybe do this every day because u could get very sick from this
431,"Mark, honestly... No one likes seeing you in discomfort, your fans care about you so please...
*STOP THIS GODDAMN SERIES*"
432,Why do you hate yourself
433,MARKIMOO NOOOOOOOOOOOOO
434,i thought for sure he was gonna puke
435,Jazz music though
436,Still please no more ghost peppers will make you go to hospital and die and hurt yourself
437,I don't really think he wants you to hit tat like button
438,Iâ€™m confused how this is on the trending list but fuck it LETS GOO MARK!!!!
439,Wow
440,He handled it better this time
441,"BREEEEEEEEEAAAAAAAAAAAADDDDDDDDDD

EEEEEEEEEEEEEEEAAAT BREEEEEEEEEEEEEEEEEEEEEEEEEEEEEEEEAAAAAAAAAAAAAAD!!!!"
442,E
443,When I eat 1 takie I drink 4 full cups of water how can you handle that
444,*N O*
445,Like who think Markiplier is top#1 youtuber in the world
446,Stop eating these ghost peppers your going to die from it
447,When it said day two I was hoping it meant â€œday afterâ€
448,Wat happened to the horror games
449,The next day can't be much better. ğŸ’©ğŸ”¥.
450,E
451,Dad it's you I am you son my mom talmy about you never see youu
452,That song though and his face made me laugh
453,Hmmmmmm I think that was a sweet red pepper you just ate.
454,Maybe you should guest on Hot Ones!  :)
455,"Someone save him :,)"
456,The jazz thing got me ğŸ˜‚
457,Is this for charity?
458,Ahhh... Good to see DarkiplierÂ´s cameo at the end...
459,Mark you could barely talk
460,Alexa be trolling.
461,Mark I cant believe you done this
462,.....ppft
463,the music man ğŸ˜‚ğŸ˜‚ğŸ˜‚ğŸ˜‚ğŸ˜‚
464,"First time on this channel, he has a great voice."
465,If youâ€™re keeping your promises whereâ€™s the pole dancing video huh? You said youâ€™d do it after the tour.
466,*slow raising and lowering of hand* you know what.....
467,Why did he do this
468,Man of his word.. respect mark. Pls put up a vid though.  To have a break from ghost pepper.
469,WHO WAS HERE WHEN MARKIPLIER HAD 4 MILLION SUBS OR LESS. SAY I IF UR ONE OF THEM...... I..
470,Mark...... stawwwwwwwwwppppppppppp pleeeeeaaaassseeeeee!!!!!!!!!!
471,"I looked it up and you'd have to eat like ... pounds of ghost pepper for it to damage you... and apparently in reasonable quantities it can be good for you. Obviously it HURTS but it won't actually harm you, I think."
472,Please stop this Mark. I know you want to keep the promise but youâ€™re a human too. People need breaks.
473,I would say upload videos of you signing calendars at 11am.
474,why is this trending tf
475,#6 on trending ğŸ˜±
476,*WICKED SMAHT* LOL
477,Dis boi need som milk
478,Was Mark trying to go with a romantic setting here? I'm 50/50 here with both being serious and kidding here.
479,"Why am I supporting you hurting yourself like this by watching these videos, Mark...? -_-â€˜"
480,Up next- Markiplier on Hot Ones?
481,Alexa's taste is as bad as the pepper
482,Why is this trending?
483,MARK I dare u to dye your beard pink! =3
484,Eats pepper. *totally inaudible speaking begins*
485,Is he okay?
486,Markimomomomomoooooooooooooooooooooooooooooooooooooooooooooooooooooooo
487,"*gagging, coughing and chocking,also breathing for air*

Markiplier: *calmly* so..."
488,also m8 its about time for episode 3!
489,its about that time mark
490,"You are the best YouTuber of my live, Markimomooo :)"
491,Markiplier did you know JT Music made rap song  adult can You react to it
492,How many of those you got?
493,Lol!! This is gonna be good..
494,He almost hit the triller dance. Lol ğŸ˜‚
495,Mark is gunna do it again
496,Ghost pepper day 3 soon!!!
497,Why was this live
498,are you okay?
499,He is going to be tolerant of the pepper soon....
500,"Mark: Alexa, play dramatic music
Alexa: I couldn't find any dramatic songs
Mark: Alexa, play some Awesome epic music?
Alexa: I couldn't find any awesome epic songs
Mark: *starting to lose creative ideas for dramatic music* Alexa, play some totally rad super badass Music
Alexa: Here's a play list you might like...
Mark: *happy because it worked-*
Alexa: ...Jazz for writing by Amazon Music
Mark: ( ._.)

*JustMarkProblems*"
501,lindissimo
502,"Since promises mean so much, can you promise never to go this again?"
503,Yo why are u eating thatğŸ˜
504,I Dont want that i do that anymore he should stop
505,Mark plz dye ur hair blue again!!
